Date,High,Low,Open,Close,Volume,Adj Close,Close_norm
2017-01-03,116.0,115.2300033569336,115.77999877929688,115.83999633789062,5953000.0,106.91107940673828,0.7819629864666056
2017-01-04,116.2300033569336,115.30999755859375,115.5,115.6500015258789,5828900.0,106.7357406616211,0.7806804509407888
2017-01-05,116.97000122070312,115.44000244140625,116.0,116.86000061035156,6217200.0,107.85246276855469,0.7888483940315
2017-01-06,117.0,115.76000213623047,116.66999816894531,116.30000305175781,5221400.0,107.33563995361328,0.7850682025848887
2017-01-09,116.61000061035156,115.88999938964844,116.3499984741211,116.27999877929688,5457500.0,107.31717681884766,0.7849331663182264
2017-01-10,117.0,115.87000274658203,116.02999877929688,116.16000366210938,5312800.0,107.2064208984375,0.7841231547232359
2017-01-11,116.25,114.0199966430664,116.08000183105469,114.7300033569336,8887200.0,105.88664245605469,0.7744701217067143
2017-01-12,114.7300033569336,113.37000274658203,114.2699966430664,114.62000274658203,6627300.0,105.7851333618164,0.773727576743809
2017-01-13,115.0199966430664,114.44000244140625,114.94000244140625,114.5999984741211,4935200.0,105.76667022705078,0.7735925404771467
2017-01-17,115.05000305175781,113.66999816894531,113.94000244140625,114.87000274658203,6255400.0,106.01586151123047,0.775415169568367
2017-01-18,115.0999984741211,114.41000366210938,114.87000274658203,114.69999694824219,5014600.0,105.85896301269531,0.7742675673067207
2017-01-19,114.9000015258789,113.91999816894531,114.68000030517578,114.19999694824219,5540800.0,105.39749145507812,0.7708923816576047
2017-01-20,115.02999877929688,114.08000183105469,114.48999786376953,114.1500015258789,7502400.0,105.35134887695312,0.7705548939934406
2017-01-23,114.7699966430664,113.80000305175781,114.51000213623047,113.91000366210938,7989800.0,105.12985229492188,0.7689348193022137
2017-01-24,113.30000305175781,111.1500015258789,112.91000366210938,111.76000213623047,12450300.0,103.14557647705078,0.7544215107107656
2017-01-25,112.80000305175781,110.76000213623047,111.93000030517578,112.80000305175781,9385500.0,104.10541534423828,0.7614419030410765
2017-01-26,112.83999633789062,111.5999984741211,112.0,111.83999633789062,10164300.0,103.21941375732422,0.7549615012736773
2017-01-27,113.54000091552734,111.9000015258789,112.0,113.37999725341797,8886100.0,104.64069366455078,0.7653570792531043
2017-01-30,113.5999984741211,112.8499984741211,113.4000015258789,113.12999725341797,6969400.0,104.40996551513672,0.7636694864285462
2017-01-31,113.4000015258789,112.43000030517578,112.79000091552734,113.25,8713400.0,104.52071380615234,0.7644795495247826
2017-02-01,113.31999969482422,112.47000122070312,112.4800033569336,113.2300033569336,7082300.0,104.50225830078125,0.7643445647593661
2017-02-02,113.62000274658203,112.7699966430664,112.81999969482422,113.56999969482422,7826300.0,104.81605529785156,0.766639666280167
2017-02-03,113.66000366210938,112.66000366210938,113.5,113.63999938964844,7267600.0,104.88066101074219,0.7671121902109934
2017-02-06,113.58999633789062,112.62000274658203,113.45999908447266,113.4000015258789,6178400.0,104.65916442871094,0.7654921155197666
2017-02-07,113.62000274658203,113.05000305175781,113.5999984741211,113.4800033569336,5507900.0,104.73298645019531,0.7660321575839241
2017-02-08,113.69000244140625,113.1500015258789,113.30000305175781,113.4000015258789,5272000.0,104.65916442871094,0.7654921155197666
2017-02-09,114.6500015258789,113.4000015258789,113.4000015258789,114.08000183105469,5854600.0,105.28675079345703,0.7700823700626142
2017-02-10,115.98999786376953,114.2300033569336,114.31999969482422,115.23999786376953,6438500.0,106.35733795166016,0.7779127739879156
2017-02-13,116.12000274658203,115.22000122070312,115.27999877929688,115.87999725341797,5710800.0,106.947998046875,0.7822330074986844
2017-02-14,116.4000015258789,115.31999969482422,115.44000244140625,116.36000061035156,5539100.0,107.39099884033203,0.785473208382384
2017-02-15,117.45999908447266,115.58999633789062,115.9000015258789,117.19999694824219,5979700.0,108.16625213623047,0.7911434955523009
2017-02-16,118.27999877929688,117.0,117.0,118.08000183105469,7119300.0,108.97843170166016,0.7970838552555425
2017-02-17,118.9000015258789,118.05000305175781,118.19000244140625,118.86000061035156,8691400.0,109.69830322265625,0.8023491366279641
2017-02-21,119.88999938964844,118.31999969482422,118.4000015258789,119.66000366210938,8595100.0,110.43663787841797,0.8077494542670481
2017-02-22,119.7699966430664,119.25,119.27999877929688,119.5199966430664,5103900.0,110.30741882324219,0.8068043549041495
2017-02-23,121.9000015258789,119.4800033569336,119.5199966430664,121.69999694824219,9980900.0,112.31940460205078,0.8215201663943452
2017-02-24,122.73999786376953,120.9000015258789,121.5,122.7300033569336,10835000.0,114.01953125,0.8284730920925708
2017-02-27,122.87999725341797,122.0999984741211,122.12999725341797,122.4000015258789,5946200.0,113.71293640136719,0.8262454572038552
2017-02-28,122.6500015258789,121.94000244140625,122.01000213623047,122.20999908447266,8885500.0,113.53641510009766,0.8249628701767925
2017-03-01,124.44999694824219,122.41999816894531,122.48999786376953,123.86000061035156,9393900.0,115.06932067871094,0.8361009931191246
2017-03-02,124.36000061035156,123.0199966430664,123.75,123.62999725341797,6950200.0,114.85563659667969,0.834548385059983
2017-03-03,123.93000030517578,123.2300033569336,123.62999725341797,123.79000091552734,5585200.0,115.00428771972656,0.8356284691882981
2017-03-06,124.43000030517578,122.5999984741211,123.01000213623047,123.70999908447266,6670700.0,114.92996978759766,0.8350884271241406
2017-03-07,124.45999908447266,122.38999938964844,122.58000183105469,123.83000183105469,6644000.0,115.04143524169922,0.8358984902203769
2017-03-08,124.68000030517578,123.5,123.75,124.0999984741211,7909900.0,115.29229736328125,0.8377210678103514
2017-03-09,126.20999908447266,124.16999816894531,124.58000183105469,125.94999694824219,8571100.0,117.010986328125,0.8502092444118315
2017-03-10,126.48999786376953,125.54000091552734,126.04000091552734,126.20999908447266,7395400.0,117.25253295898438,0.8519643553697207
2017-03-13,126.94999694824219,125.79000091552734,125.83000183105469,126.68000030517578,7162500.0,117.6891860961914,0.8551370381200891
2017-03-14,127.75,126.7699966430664,126.86000061035156,127.05000305175781,7679700.0,118.03292846679688,0.8576346940408835
2017-03-15,129.0,126.5999984741211,127.05000305175781,128.9600067138672,8360600.0,119.80736541748047,0.8705279279411048
2017-03-16,128.6999969482422,127.7699966430664,128.44000244140625,128.4600067138672,7610700.0,119.34286499023438,0.8671527422919888
2017-03-17,128.94000244140625,127.94999694824219,128.4499969482422,128.05999755859375,13300800.0,118.97122955322266,0.8644525319712009
2017-03-20,128.4199981689453,127.97000122070312,128.0399932861328,128.07000732421875,5827500.0,118.98052978515625,0.864520101605778
2017-03-21,128.4499969482422,127.13999938964844,128.3800048828125,127.25,7578600.0,118.21873474121094,0.8589847477000316
2017-03-22,127.6500015258789,126.20999908447266,127.05000305175781,126.26000213623047,10272700.0,117.29898834228516,0.8523018945351307
2017-03-23,127.0,125.66000366210938,126.0999984741211,125.9000015258789,8508100.0,116.96453094482422,0.8498717567476675
2017-03-24,126.36000061035156,125.12999725341797,125.86000061035156,125.4800033569336,6490300.0,116.5743408203125,0.8470366131627091
2017-03-27,126.13999938964844,125.1500015258789,125.16000366210938,125.80000305175781,5004300.0,116.87163543701172,0.8491967299180935
2017-03-28,125.77999877929688,124.77999877929688,125.62000274658203,125.66000366210938,5287600.0,116.74158477783203,0.8482516820564406
2017-03-29,125.33000183105469,124.36000061035156,125.05000305175781,124.91999816894531,3971800.0,116.05408477783203,0.8432563702148519
2017-03-30,125.43000030517578,124.27999877929688,124.73999786376953,124.66000366210938,4711700.0,115.81254577636719,0.8415013107582086
2017-03-31,124.83000183105469,124.02999877929688,124.11000061035156,124.55000305175781,5657600.0,115.71035766601562,0.8407587657953034
2017-04-03,125.30999755859375,124.27999877929688,124.7300033569336,124.69000244140625,4956400.0,115.84041595458984,0.8417038136569561
2017-04-04,124.7699966430664,124.22000122070312,124.51000213623047,124.68000030517578,5358500.0,115.83112335205078,0.8416362955236251
2017-04-05,125.5999984741211,124.41000366210938,124.72000122070312,124.80000305175781,5646300.0,115.94261932373047,0.8424463586198614
2017-04-06,125.45999908447266,124.5,124.8499984741211,125.05000305175781,4324200.0,116.17486572265625,0.8441339514444194
2017-04-07,125.47000122070312,124.83000183105469,125.12000274658203,124.91999816894531,3615100.0,116.05408477783203,0.8432563702148519
2017-04-10,124.94999694824219,124.2300033569336,124.87000274658203,124.33999633789062,4594200.0,115.51525115966797,0.8393411425015782
2017-04-11,124.79000091552734,123.94999694824219,124.26000213623047,124.22000122070312,4161500.0,115.40377044677734,0.8385311309065877
2017-04-12,125.45999908447266,124.36000061035156,124.54000091552734,125.4000015258789,5556600.0,116.50001525878906,0.8464965710985515
2017-04-13,125.6500015258789,124.95999908447266,125.12999725341797,124.98999786376953,5396500.0,116.1191177368164,0.8437288941456783
2017-04-17,125.80999755859375,124.93000030517578,125.0199966430664,125.72000122070312,5367500.0,116.79730987548828,0.8486566878539359
2017-04-18,123.37000274658203,120.94999694824219,123.18000030517578,121.81999969482422,13485700.0,113.17410278320312,0.8223302294905817
2017-04-19,122.27999877929688,121.11000061035156,122.0999984741211,121.37000274658203,6993100.0,112.75602722167969,0.8192925830068756
2017-04-20,122.1500015258789,121.3499984741211,121.86000061035156,121.87000274658203,6330100.0,113.22056579589844,0.8226677686559916
2017-04-21,122.04000091552734,121.54000091552734,121.77999877929688,121.76000213623047,6021700.0,113.11836242675781,0.8219252236930864
2017-04-24,123.20999908447266,122.1500015258789,122.5199966430664,122.88999938964844,5679000.0,114.16816711425781,0.82955312471964
2017-04-25,123.75,123.01000213623047,123.33999633789062,123.43000030517578,5090000.0,114.66983795166016,0.8331983314008349
2017-04-26,124.26000213623047,123.4800033569336,123.79000091552734,123.51000213623047,5021800.0,114.74417114257812,0.8337383734649925
2017-04-27,124.30999755859375,123.4000015258789,123.58000183105469,123.73999786376953,4225200.0,114.95783996582031,0.8352909300228882
2017-04-28,123.9000015258789,123.12999725341797,123.8499984741211,123.47000122070312,4381800.0,114.7070083618164,0.8334683524329137
2017-05-01,123.77999877929688,123.0,123.4000015258789,123.33999633789062,4556400.0,114.58622741699219,0.8325907712033461
2017-05-02,123.73999786376953,122.88999938964844,123.5199966430664,123.69999694824219,4881600.0,114.92066955566406,0.8350209089908094
2017-05-03,123.69999694824219,123.04000091552734,123.58999633789062,123.33000183105469,3736500.0,114.57695007324219,0.8325233045712609
2017-05-04,123.94999694824219,123.2300033569336,123.69000244140625,123.94999694824219,3753700.0,115.1529312133789,0.8367085018153674
2017-05-05,123.80000305175781,122.86000061035156,123.80000305175781,123.51000213623047,4139800.0,114.74417114257812,0.8337383734649925
2017-05-08,123.80000305175781,123.0199966430664,123.52999877929688,123.25,3608600.0,114.50261688232422,0.8319832625071033
2017-05-09,123.47000122070312,122.87999725341797,123.2300033569336,123.20999908447266,3762500.0,114.46544647216797,0.8317132414750246
2017-05-10,123.05999755859375,122.37999725341797,122.91000366210938,122.80999755859375,4237400.0,114.09384155273438,0.8290130826554826
2017-05-11,123.20999908447266,122.33999633789062,122.5,123.19999694824219,4095900.0,114.4561538696289,0.8316457233416934
2017-05-12,124.0999984741211,123.01000213623047,123.11000061035156,123.63999938964844,4097100.0,114.86492919921875,0.8346159031933141
2017-05-15,127.36000061035156,124.33000183105469,124.41000366210938,126.98999786376953,9854600.0,117.9771728515625,0.8572296367421425
2017-05-16,128.3699951171875,127.05999755859375,127.33999633789062,127.7699966430664,7233800.0,118.70181274414062,0.8624949181145641
2017-05-17,127.88999938964844,126.44999694824219,127.7699966430664,126.66999816894531,6480800.0,117.67987823486328,0.855069519986758
2017-05-18,127.87000274658203,125.95999908447266,126.45999908447266,126.97000122070312,6571300.0,117.95860290527344,0.857094651976726
2017-05-19,127.38999938964844,126.44000244140625,127.02999877929688,127.0,6957200.0,117.98646545410156,0.8572971548754736
2017-05-22,127.6500015258789,126.62999725341797,126.62999725341797,127.26000213623047,4858200.0,118.22801208496094,0.8590522658333628
2017-05-23,128.14999389648438,127.30999755859375,127.30999755859375,127.5199966430664,3972500.0,118.46956634521484,0.8608073252900061
2017-05-24,128.0,127.29000091552734,127.79000091552734,127.51000213623047,3965200.0,118.46027374267578,0.8607398586579208
2017-05-25,127.62000274658203,126.33000183105469,126.73999786376953,127.52999877929688,5294300.0,119.26453399658203,0.8608748434233372
2017-05-26,127.66999816894531,126.83000183105469,127.2300033569336,126.91999816894531,4005200.0,118.69406127929688,0.8567571128113161
2017-05-30,127.38999938964844,126.19000244140625,126.69999694824219,127.11000061035156,3665400.0,118.87175750732422,0.8580396998383788
2017-05-31,128.8000030517578,127.3499984741211,127.3499984741211,128.25,8813500.0,119.93787384033203,0.8657351189982637
2017-06-01,128.77999877929688,128.1199951171875,128.32000732421875,128.77999877929688,5790900.0,120.43350982666016,0.8693128075461274
2017-06-02,130.13999938964844,128.8300018310547,129.0500030517578,130.0800018310547,6562600.0,121.6492691040039,0.8780883108343274
2017-06-05,130.52000427246094,129.8000030517578,129.97000122070312,130.36000061035156,4634700.0,121.9111328125,0.879978406557633
2017-06-06,131.3300018310547,130.02999877929688,130.17999267578125,130.8300018310547,5619100.0,122.35065460205078,0.8831510893080015
2017-06-07,131.47999572753906,130.5800018310547,131.0,130.75,5765200.0,122.27584838867188,0.8826110472438439
2017-06-08,131.39999389648438,129.9600067138672,130.75,130.5500030517578,8101700.0,122.08879089355469,0.8812609935846958
2017-06-09,131.6999969482422,130.30999755859375,130.3699951171875,131.52999877929688,5992500.0,123.00529479980469,0.8878763286162655
2017-06-12,131.8300018310547,131.4199981689453,131.52999877929688,131.82000732421875,8020700.0,123.27649688720703,0.8898339939741482
2017-06-13,132.72999572753906,131.39999389648438,131.75,132.02000427246094,5733800.0,123.46353912353516,0.8911840476332963
2017-06-14,133.55999755859375,132.50999450683594,132.50999450683594,132.77000427246094,7329400.0,124.1649169921875,0.8962468261069704
2017-06-15,133.35000610351562,131.80999755859375,132.0,133.0399932861328,5265000.0,124.41740417480469,0.8980693521956989
2017-06-16,134.60000610351562,133.0399932861328,133.72000122070312,134.35000610351562,12639600.0,125.64253997802734,0.906912425118476
2017-06-19,134.67999267578125,133.49000549316406,134.14999389648438,134.07000732421875,7488700.0,125.38066864013672,0.9050223293951704
2017-06-20,134.75999450683594,133.89999389648438,133.89999389648438,134.22000122070312,5201200.0,125.52093505859375,0.9060348438889085
2017-06-21,135.11000061035156,134.02000427246094,134.2899932861328,134.91000366210938,5841100.0,126.16622924804688,0.9106926165650874
2017-06-22,137.0,135.27000427246094,135.4499969482422,136.0500030517578,7311000.0,127.23235321044922,0.9183880357249722
2017-06-23,136.50999450683594,135.32000732421875,135.4499969482422,136.42999267578125,9007100.0,127.58769989013672,0.920953106776606
2017-06-26,136.89999389648438,136.1999969482422,136.47999572753906,136.33999633789062,5561800.0,127.5035400390625,0.9203455980803632
2017-06-27,136.72999572753906,134.99000549316406,136.5,135.00999450683594,6120500.0,126.25973510742188,0.9113675918934155
2017-06-28,136.1999969482422,133.57000732421875,135.9499969482422,133.82000732421875,6557900.0,125.14688873291016,0.9033347365706124
2017-06-29,133.72999572753906,132.30999755859375,133.39999389648438,132.63999938964844,5750000.0,124.0433349609375,0.8953692448774029
2017-06-30,133.1999969482422,132.27999877929688,132.6999969482422,132.2899932861328,5264400.0,123.71601867675781,0.8930065737220249
2017-07-03,133.32000732421875,132.64999389648438,132.7899932861328,132.89999389648438,2931000.0,124.28650665283203,0.8971243043340461
2017-07-05,134.05999755859375,132.4199981689453,132.97999572753906,133.63999938964844,4302700.0,124.97853088378906,0.9021196161756349
2017-07-06,133.97000122070312,132.41000366210938,133.61000061035156,132.52000427246094,4282200.0,123.93114471435547,0.8945592332824124
2017-07-07,133.0,131.69000244140625,132.91000366210938,132.5399932861328,4994100.0,123.9498291015625,0.894694166546583
2017-07-10,132.8699951171875,131.22999572753906,132.74000549316406,131.5500030517578,4019600.0,123.02400207519531,0.8880113648829279
2017-07-11,131.7899932861328,130.47999572753906,131.42999267578125,131.22999572753906,3733100.0,122.7247314453125,0.8858511966262976
2017-07-12,132.88999938964844,131.77000427246094,132.0399932861328,132.22999572753906,5053200.0,123.659912109375,0.8926015679245297
2017-07-13,132.22000122070312,130.99000549316406,132.10000610351562,131.86000061035156,4424400.0,123.31391143798828,0.8901039635049811
2017-07-14,133.0,131.74000549316406,132.0,132.60000610351562,4383100.0,124.0059585571289,0.8950992753465699
2017-07-17,132.92999267578125,131.75,132.7100067138672,132.14999389648438,4939400.0,123.58509063720703,0.8920615258603721
2017-07-18,134.9499969482422,131.0800018310547,131.6199951171875,134.4600067138672,10256000.0,125.7453842163086,0.9076549700813812
2017-07-19,135.41000366210938,134.52000427246094,134.83999633789062,135.2100067138672,5503300.0,126.4468002319336,0.9127177485550553
2017-07-20,137.0800018310547,135.6199951171875,135.72999572753906,136.57000732421875,6088600.0,127.71866607666016,0.9218982576407506
2017-07-21,136.27000427246094,135.10000610351562,135.3300018310547,135.30999755859375,6773500.0,126.5403060913086,0.9133927238833834
2017-07-24,135.16000366210938,132.85000610351562,134.99000549316406,133.00999450683594,8306700.0,124.38935089111328,0.8978668492969514
2017-07-25,133.85000610351562,131.4499969482422,133.74000549316406,131.8800048828125,6262900.0,123.33261108398438,0.8902389997716434
2017-07-26,132.24000549316406,130.75,131.66000366210938,130.9499969482422,5382200.0,122.46287536621094,0.883961100902992
2017-07-27,131.14999389648438,129.57000732421875,130.85000610351562,130.8300018310547,5838100.0,122.35065460205078,0.8831510893080015
2017-07-28,131.99000549316406,130.52000427246094,131.13999938964844,131.85000610351562,4970900.0,123.30455017089844,0.8900364968728959
2017-07-31,133.5800018310547,132.10000610351562,132.13999938964844,132.72000122070312,5440800.0,124.11815643310547,0.8959092869415604
2017-08-01,133.35000610351562,132.27999877929688,133.1699981689453,132.50999450683594,3837600.0,123.92176818847656,0.8944916636478353
2017-08-02,132.5,131.5,132.0800018310547,132.16000366210938,4032100.0,123.5944595336914,0.8921290954949491
2017-08-03,133.39999389648438,131.50999450683594,131.91000366210938,133.35000610351562,4327300.0,124.70732116699219,0.900162053820244
2017-08-04,134.00999450683594,132.8000030517578,133.74000549316406,133.17999267578125,3192800.0,124.54833984375,0.8990144000573518
2017-08-07,133.47999572753906,132.50999450683594,133.08999633789062,132.86000061035156,3010800.0,124.24909210205078,0.8968543348032132
2017-08-08,132.8000030517578,131.39999389648438,132.5,132.27000427246094,5535800.0,123.69734191894531,0.8928716404578543
2017-08-09,133.41000366210938,132.3699951171875,132.80999755859375,133.22999572753906,6332300.0,124.59510803222656,0.8993519392227617
2017-08-10,133.85000610351562,132.3699951171875,133.0399932861328,133.08999633789062,5607900.0,124.46418762207031,0.898406891361109
2017-08-11,134.49000549316406,132.75,133.63999938964844,133.10000610351562,4270600.0,124.4735336303711,0.898474460995686
2017-08-14,134.3699951171875,132.8699951171875,134.1999969482422,133.47999572753906,3041100.0,124.82889556884766,0.9010395320473198
2017-08-15,133.94000244140625,133.1999969482422,133.85000610351562,133.3800048828125,3931800.0,124.73538970947266,0.9003645567189916
2017-08-16,134.97000122070312,133.86000061035156,134.0800018310547,134.1699981689453,4469900.0,125.47418212890625,0.9056973047234985
2017-08-17,134.74000549316406,133.02999877929688,134.17999267578125,133.0399932861328,5741400.0,124.41740417480469,0.8980693521956989
2017-08-18,133.77999877929688,132.3800048828125,132.6699981689453,132.6300048828125,4792800.0,124.03399658203125,0.8953017782453175
2017-08-21,133.64999389648438,132.19000244140625,132.27999877929688,133.4499969482422,4660000.0,124.80086517333984,0.9008370291485721
2017-08-22,134.7899932861328,132.89999389648438,133.27000427246094,134.6999969482422,4150300.0,125.96981811523438,0.9092749932713622
2017-08-23,134.49000549316406,132.64999389648438,134.42999267578125,132.8000030517578,5129900.0,124.1929702758789,0.8964493290057179
2017-08-24,133.0800018310547,132.27000427246094,132.82000732421875,132.88999938964844,5398400.0,124.27713775634766,0.8970568377019609
2017-08-25,132.55999755859375,131.6199951171875,131.91000366210938,131.67999267578125,4133300.0,123.92890930175781,0.8888888431100037
2017-08-28,132.1199951171875,131.49000549316406,131.67999267578125,131.74000549316406,5349200.0,123.98539733886719,0.8892939519099906
2017-08-29,132.4499969482422,131.3000030517578,131.57000732421875,132.2100067138672,3277900.0,124.427734375,0.892466634660359
2017-08-30,132.0,130.89999389648438,132.0,131.07000732421875,5430800.0,123.35484313964844,0.8847712155004742
2017-08-31,132.5,131.25,131.38999938964844,132.3699951171875,7407100.0,124.57830810546875,0.8935466157861824
2017-09-01,132.64999389648438,130.94000244140625,132.60000610351562,131.02999877929688,3820800.0,123.31719207763672,0.8845011429671495
2017-09-05,131.17999267578125,129.72000122070312,130.72000122070312,129.89999389648438,5146600.0,122.25369262695312,0.87687319043935
2017-09-06,131.0,130.2100067138672,130.5399932861328,130.6699981689453,5601900.0,122.97838592529297,0.8820710051796863
2017-09-07,132.52000427246094,130.25,130.86000061035156,132.19000244140625,3800200.0,124.4089126586914,0.8923315983936967
2017-09-08,132.33999633789062,130.8699951171875,132.0,130.97999572753906,4854400.0,123.27010345458984,0.8841636038017395
2017-09-11,133.33999633789062,131.02000427246094,131.3699951171875,133.2100067138672,5724200.0,125.36886596679688,0.8992170059585911
2017-09-12,133.8800048828125,131.92999267578125,133.8300018310547,132.6300048828125,5465200.0,124.82301330566406,0.8953017782453175
2017-09-13,133.75,131.85000610351562,132.6699981689453,132.4499969482422,4679500.0,124.6535873413086,0.89408665785034
2017-09-14,134.47000122070312,131.99000549316406,132.13999938964844,134.17999267578125,6274500.0,126.28175354003906,0.9057647713555839
2017-09-15,135.4499969482422,134.17999267578125,134.7899932861328,134.4499969482422,15522000.0,126.53588104248047,0.9075874004468042
2017-09-18,135.77000427246094,134.11000061035156,134.44000244140625,135.3800048828125,5260800.0,127.41112518310547,0.9138652993154558
2017-09-19,135.7899932861328,134.35000610351562,135.02000427246094,135.22000122070312,4903800.0,127.26055145263672,0.9127852151871406
2017-09-20,134.2899932861328,132.33999633789062,133.25,133.22000122070312,8705500.0,125.37828063964844,0.8992844725906765
2017-09-21,133.82000732421875,131.3800048828125,133.30999755859375,131.75,6051800.0,123.99478149414062,0.889361418542076
2017-09-22,132.38999938964844,131.27000427246094,131.99000549316406,131.38999938964844,4334900.0,123.65599822998047,0.8869312807546127
2017-09-25,131.75999450683594,130.8300018310547,131.47000122070312,131.1699981689453,6017400.0,123.44894409179688,0.8854461908288024
2017-09-26,131.94000244140625,130.82000732421875,131.5,130.94000244140625,4516200.0,123.23247528076172,0.8838936342709066
2017-09-27,131.08999633789062,129.42999267578125,131.0,129.75,5796100.0,122.1125259399414,0.8758606759456118
2017-09-28,130.27000427246094,129.2899932861328,129.91000366210938,129.47000122070312,3992700.0,121.84900665283203,0.8739705802223061
2017-09-29,130.47000122070312,129.0500030517578,129.5800018310547,130.00999450683594,5736900.0,122.35720825195312,0.8776157354022551
2017-10-02,131.3300018310547,130.02000427246094,130.16000366210938,131.22000122070312,4492900.0,123.4959945678711,0.8857837299942123
2017-10-03,132.39999389648438,131.36000061035156,131.64999389648438,132.10000610351562,3900800.0,124.32421875,0.8917240896974539
2017-10-04,133.17999267578125,132.10000610351562,132.39999389648438,132.88999938964844,3589000.0,125.06768035888672,0.8970568377019609
2017-10-05,133.30999755859375,132.36000061035156,132.88999938964844,133.19000244140625,3741100.0,125.35003662109375,0.8990819696919288
2017-10-06,133.25,132.47999572753906,133.0,133.22000122070312,2469500.0,125.37828063964844,0.8992844725906765
2017-10-09,133.82000732421875,133.1699981689453,133.66000366210938,133.4499969482422,3750500.0,125.5947494506836,0.9008370291485721
2017-10-10,134.1300048828125,132.9199981689453,133.55999755859375,133.89999389648438,4184600.0,126.01824188232422,0.9038746756322782
2017-10-11,137.0800018310547,134.3699951171875,134.8800048828125,136.64999389648438,8269400.0,128.6063690185547,0.9224381967024164
2017-10-12,137.52000427246094,136.02000427246094,136.33999633789062,136.8300018310547,5172800.0,128.77577209472656,0.923653317097394
2017-10-13,137.4199981689453,136.33999633789062,136.60000610351562,136.42999267578125,4106600.0,128.39930725097656,0.920953106776606
2017-10-16,137.25999450683594,135.5399932861328,136.4499969482422,136.1199951171875,5120100.0,128.10757446289062,0.9188605081545528
2017-10-17,141.1199951171875,137.05999755859375,137.6699981689453,140.7899932861328,11717300.0,132.502685546875,0.9503847297569975
2017-10-18,141.5800018310547,140.07000732421875,140.7899932861328,140.67999267578125,6827700.0,132.39913940429688,0.9496421847940923
2017-10-19,142.97999572753906,140.5399932861328,140.7100067138672,142.0399932861328,9181300.0,133.6790771484375,0.9588226938797877
2017-10-20,143.6199951171875,141.8300018310547,142.3800048828125,142.39999389648438,5634500.0,134.0178985595703,0.9612528316672508
2017-10-23,144.35000610351562,142.0800018310547,142.1300048828125,143.6199951171875,6686000.0,135.1660919189453,0.9694882928912933
2017-10-24,143.3800048828125,140.92999267578125,143.3800048828125,141.63999938964844,6585800.0,133.30264282226562,0.9561225865614915
2017-10-25,143.22999572753906,140.9600067138672,141.16000366210938,142.36000061035156,6563600.0,133.98028564453125,0.9609828621364179
2017-10-26,143.75,141.3800048828125,142.50999450683594,141.80999755859375,5841100.0,133.462646484375,0.9572701373218919
2017-10-27,142.6999969482422,140.1999969482422,141.0,141.77999877929688,5140100.0,133.43438720703125,0.9570676344231444
2017-10-30,141.2100067138672,139.32000732421875,141.0800018310547,140.0,6034300.0,131.75921630859375,0.9450519817524906
2017-10-31,140.25999450683594,138.97999572753906,140.02000427246094,139.41000366210938,4832100.0,131.2039031982422,0.9410692874071317
2017-11-01,140.58999633789062,139.33999633789062,139.8300018310547,139.97999572753906,5006800.0,131.7403564453125,0.9449169454858283
2017-11-02,140.2899932861328,139.11000061035156,140.11000061035156,139.92999267578125,3494100.0,131.69329833984375,0.9445794063204183
2017-11-03,140.39999389648438,139.3000030517578,139.72999572753906,140.0800018310547,2737000.0,131.83447265625,0.9455920238166482
2017-11-06,140.49000549316406,139.72000122070312,140.00999450683594,139.75999450683594,4220700.0,131.5333251953125,0.9434318555600179
2017-11-07,140.14999389648438,138.91000366210938,140.0800018310547,139.77000427246094,4201900.0,131.54273986816406,0.9434994251945948
2017-11-08,141.8699951171875,139.4600067138672,139.6999969482422,141.32000732421875,4440700.0,133.00148010253906,0.9539625213073529
2017-11-09,141.41000366210938,139.8000030517578,140.86000061035156,140.35000610351562,3517100.0,132.08859252929688,0.9474146529078685
2017-11-10,140.1300048828125,138.61000061035156,140.1300048828125,139.55999755859375,4240800.0,131.34506225585938,0.9420818019008698
2017-11-13,140.02000427246094,138.4199981689453,139.00999450683594,139.75999450683594,4322300.0,131.5333251953125,0.9434318555600179
2017-11-14,140.27999877929688,138.9199981689453,139.57000732421875,139.49000549316406,4078200.0,131.27919006347656,0.9416093294712893
2017-11-15,139.8300018310547,138.75,139.22999572753906,139.10000610351562,4811500.0,130.91217041015625,0.9389766887850785
2017-11-16,139.67999267578125,138.63999938964844,139.4199981689453,138.8699951171875,4193800.0,130.69569396972656,0.9374240292246909
2017-11-17,138.86000061035156,137.88999938964844,138.3000030517578,138.0,4247400.0,129.8769073486328,0.9315512391560264
2017-11-20,138.55999755859375,137.74000549316406,138.14999389648438,137.92999267578125,4266300.0,129.81100463867188,0.9310786637239541
2017-11-21,139.25999450683594,138.19000244140625,138.4499969482422,138.33999633789062,5660600.0,130.19686889648438,0.9338463406768273
2017-11-22,138.3800048828125,136.60000610351562,138.3000030517578,137.2899932861328,3917000.0,129.2086944580078,0.9267584302131853
2017-11-24,138.3800048828125,137.30999755859375,137.5,138.00999450683594,2606800.0,129.8863067626953,0.9316187057881117
2017-11-27,138.30999755859375,137.47999572753906,137.50999450683594,138.10000610351562,3933100.0,130.76693725585938,0.9322263174868464
2017-11-28,140.52999877929688,138.25,138.3000030517578,140.02000427246094,5052800.0,132.5850067138672,0.945187018019153
2017-11-29,140.6300048828125,138.9499969482422,140.22000122070312,139.80999755859375,5851400.0,132.38613891601562,0.9437693947254278
2017-11-30,140.27999877929688,138.47999572753906,140.05999755859375,139.3300018310547,8941900.0,131.93162536621094,0.9405292453429741
2017-12-01,140.52999877929688,138.60000610351562,139.57000732421875,139.97999572753906,5990500.0,132.54710388183594,0.9449169454858283
2017-12-04,141.5,138.92999267578125,140.6199951171875,139.00999450683594,5916700.0,131.62860107421875,0.9383690770863438
2017-12-05,140.80999755859375,139.1999969482422,139.7899932861328,139.6699981689453,6745300.0,132.25360107421875,0.942824346863775
2017-12-06,141.9600067138672,140.19000244140625,140.83999633789062,141.05999755859375,5591700.0,133.56976318359375,0.9522073588482179
2017-12-07,141.5,139.25999450683594,140.00999450683594,140.00999450683594,4713100.0,132.5755157470703,0.9451194483845758
2017-12-08,140.75999450683594,139.8000030517578,140.0,140.58999633789062,5101300.0,133.12469482421875,0.9490346760978495
2017-12-11,141.1699981689453,139.8300018310547,140.89999389648438,141.13999938964844,4358600.0,133.6455078125,0.9527474009123754
2017-12-12,143.57000732421875,142.0399932861328,142.60000610351562,142.60000610351562,8016700.0,135.02801513671875,0.9626029883288907
2017-12-13,143.42999267578125,142.2100067138672,142.5,142.88999938964844,6118400.0,135.3025665283203,0.9645605506842816
2017-12-14,143.6199951171875,141.61000061035156,143.52000427246094,141.64999389648438,5337900.0,134.12841796875,0.9561900531935769
2017-12-15,143.13999938964844,141.77999877929688,142.47999572753906,142.4600067138672,12517000.0,134.89544677734375,0.9616579404672378
2017-12-18,143.8000030517578,141.39999389648438,142.55999755859375,141.8000030517578,5833200.0,134.27044677734375,0.9572026706898067
2017-12-19,142.3800048828125,141.36000061035156,141.88999938964844,141.77999877929688,6580100.0,134.2515106201172,0.9570676344231444
2017-12-20,142.5800018310547,141.0800018310547,142.25999450683594,141.16000366210938,6289800.0,133.66444396972656,0.9528824371790378
2017-12-21,142.1699981689453,141.02000427246094,141.58999633789062,141.05999755859375,6284700.0,133.56976318359375,0.9522073588482179
2017-12-22,141.35000610351562,140.0399932861328,141.0,140.1199951171875,4665600.0,132.67967224121094,0.9458619933474811
2017-12-26,140.5399932861328,139.67999267578125,140.4600067138672,140.08999633789062,3271100.0,132.6512908935547,0.9456594904487334
2017-12-27,141.14999389648438,140.1999969482422,140.4199981689453,140.57000732421875,3753600.0,133.10577392578125,0.9488997428336788
2017-12-28,141.0,140.3300018310547,140.6999969482422,140.55999755859375,2485000.0,133.0963134765625,0.9488321731991018
2017-12-29,141.2100067138672,139.5800018310547,140.97999572753906,139.72000122070312,4452900.0,132.30091857910156,0.9431618860291849
2018-01-02,139.9499969482422,138.72000122070312,139.66000366210938,139.22999572753906,6842100.0,131.83694458007812,0.9398541670121542
2018-01-03,140.67999267578125,138.89999389648438,139.36000061035156,140.55999755859375,5350500.0,133.0963134765625,0.9488321731991018
2018-01-04,141.13999938964844,140.22000122070312,140.4499969482422,140.5500030517578,4837600.0,133.08685302734375,0.9487647065670166
2018-01-05,141.82000732421875,140.27999877929688,140.69000244140625,141.7100067138672,6158800.0,134.18524169921875,0.9565951619935638
2018-01-08,142.0,140.9199981689453,141.6999969482422,141.88999938964844,5129800.0,134.355712890625,0.9578101793860495
2018-01-09,145.67999267578125,142.25999450683594,142.3699951171875,144.13999938964844,8897000.0,136.48623657226562,0.9729985148070717
2018-01-10,144.16000366210938,143.32000732421875,143.5500030517578,143.97000122070312,6558600.0,136.32522583007812,0.9718509640466713
2018-01-11,144.89999389648438,143.69000244140625,144.1300048828125,144.7899932861328,4962200.0,137.10166931152344,0.9773862149499258
2018-01-12,146.4199981689453,144.89999389648438,144.99000549316406,145.75999450683594,5450600.0,138.02017211914062,0.9839340833494103
2018-01-16,148.05999755859375,146.02999877929688,146.4199981689453,146.86000061035156,8804000.0,139.06179809570312,0.9913595329784622
2018-01-17,148.32000732421875,145.47999572753906,147.83999633789062,146.97999572753906,10619700.0,139.1754150390625,0.9921695445734527
2018-01-18,147.44000244140625,145.97000122070312,146.92999267578125,146.9199981689453,5554800.0,139.11859130859375,0.9917645387759575
2018-01-19,147.64999389648438,146.4199981689453,147.4600067138672,147.36000061035156,8738800.0,139.53521728515625,0.9947347186275783
2018-01-22,148.13999938964844,146.72000122070312,147.00999450683594,148.13999938964844,7010400.0,140.27381896972656,1.0
2018-01-23,147.44000244140625,141.6199951171875,146.9600067138672,141.8300018310547,17473600.0,134.2988739013672,0.9574051735885543
2018-01-24,143.55999755859375,141.8000030517578,143.5,142.07000732421875,13034400.0,134.526123046875,0.959025299781027
2018-01-25,144.66000366210938,142.2100067138672,142.30999755859375,144.39999389648438,7938800.0,136.73240661621094,0.974753574263715
2018-01-26,145.60000610351562,144.1300048828125,144.5,145.3300018310547,8065600.0,137.613037109375,0.9810314731323665
2018-01-29,144.94000244140625,143.52999877929688,144.85000610351562,143.67999267578125,8013400.0,136.05062866210938,0.9698932986887886
2018-01-30,143.82000732421875,142.42999267578125,143.39999389648438,142.42999267578125,8376100.0,134.8669891357422,0.9614553345659985
2018-01-31,142.57000732421875,138.10000610351562,142.57000732421875,138.19000244140625,13137400.0,130.85215759277344,0.9328338261830892
2018-02-01,140.6699981689453,137.0,137.52999877929688,140.02000427246094,9393600.0,132.5850067138672,0.945187018019153
2018-02-02,140.36000061035156,137.3800048828125,139.02000427246094,137.67999267578125,9262500.0,130.36923217773438,0.9293910708993961
2018-02-05,137.0,122.1500015258789,136.5800018310547,130.38999938964844,19954100.0,123.4663314819336,0.8801809094563806
2018-02-06,132.99000549316406,128.0,130.00999450683594,131.8300018310547,19193500.0,124.82987976074219,0.8899014606062335
2018-02-07,133.42999267578125,131.35000610351562,131.88999938964844,131.4199981689453,10550400.0,124.44164276123047,0.8871337836533604
2018-02-08,131.25,126.11000061035156,130.91000366210938,126.36000061035156,11680200.0,119.65032958984375,0.8529769213647047
2018-02-09,130.9199981689453,125.44000244140625,127.5199966430664,129.52999877929688,15030900.0,122.65199279785156,0.8743755860198014
2018-02-12,131.32000732421875,127.68000030517578,130.0,130.27000427246094,9963900.0,123.35272216796875,0.8793708978613901
2018-02-13,130.60000610351562,128.6999969482422,129.2100067138672,129.9600067138672,6339000.0,123.05918884277344,0.8772782992393369
2018-02-14,130.00999450683594,128.38999938964844,129.44000244140625,129.6699981689453,6259700.0,122.7845687866211,0.8753206338814542
2018-02-15,131.27999877929688,129.39999389648438,130.10000610351562,131.22999572753906,5606400.0,124.26173400878906,0.8858511966262976
2018-02-16,134.4499969482422,130.83999633789062,130.9600067138672,133.14999389648438,7970100.0,126.07977294921875,0.8988118971586042
2018-02-20,133.4499969482422,130.66000366210938,132.8699951171875,130.8699951171875,6563500.0,123.92084503173828,0.8834210588388344
2018-02-21,132.42999267578125,129.86000061035156,130.8000030517578,129.91000366210938,6578000.0,123.01182556152344,0.876940760073927
2018-02-22,131.02000427246094,129.47999572753906,130.10000610351562,129.91000366210938,5732200.0,123.01182556152344,0.876940760073927
2018-02-23,132.0800018310547,130.02000427246094,130.08999633789062,132.02000427246094,5126800.0,125.00980377197266,0.8911840476332963
2018-02-26,133.41000366210938,131.0,131.7100067138672,132.07000732421875,6684400.0,125.8579330444336,0.8915215867987063
2018-02-27,133.08999633789062,131.60000610351562,132.2100067138672,131.6699981689453,7158600.0,125.47673034667969,0.8888213764779184
2018-02-28,132.3300018310547,129.8699951171875,131.9499969482422,129.8800048828125,7985900.0,123.77093505859375,0.8767382571751793
2018-03-01,130.1199951171875,126.5199966430664,129.11000061035156,127.27999877929688,9424000.0,121.29322052001953,0.8591872505987792
2018-03-02,129.11000061035156,126.91000366210938,126.91000366210938,128.82000732421875,6910400.0,122.76080322265625,0.869582880079452
2018-03-05,130.3000030517578,128.17999267578125,128.6300048828125,129.7899932861328,5799800.0,123.68516540527344,0.8761306454764447
2018-03-06,130.1999969482422,127.91999816894531,130.0,128.22000122070312,5546500.0,122.18901824951172,0.865532616099516
2018-03-07,129.3300018310547,127.2699966430664,127.4800033569336,129.0399932861328,6391700.0,122.9704360961914,0.8710678670027706
2018-03-08,132.3000030517578,129.3300018310547,129.3300018310547,132.05999755859375,6423400.0,125.84840393066406,0.8914540171641292
2018-03-09,133.82000732421875,131.55999755859375,132.50999450683594,133.8000030517578,7557800.0,127.50656127929688,0.90319970030395
2018-03-12,134.22999572753906,132.32000732421875,133.8000030517578,132.6300048828125,4942000.0,126.39159393310547,0.8953017782453175
2018-03-13,135.38999938964844,133.4499969482422,133.8000030517578,134.35000610351562,9152300.0,128.0306854248047,0.906912425118476
2018-03-14,135.6999969482422,131.89999389648438,135.24000549316406,132.32000732421875,6770600.0,126.09616088867188,0.8932091796232643
2018-03-15,134.24000549316406,132.47000122070312,132.5500030517578,133.05999755859375,6147200.0,126.80136108398438,0.8982043884623613
2018-03-16,134.39999389648438,132.10000610351562,133.16000366210938,133.67999267578125,14233500.0,127.39218139648438,0.9023895857064679
2018-03-19,133.47000122070312,129.36000061035156,133.35000610351562,130.24000549316406,6017000.0,124.11399841308594,0.8791683949626425
2018-03-20,131.77999877929688,129.3800048828125,130.77999877929688,131.2100067138672,6214300.0,125.03837585449219,0.8857162633621269
2018-03-21,132.77999877929688,130.66000366210938,131.39999389648438,131.19000244140625,5158700.0,125.01930236816406,0.8855812270954647
2018-03-22,130.67999267578125,127.0999984741211,130.47000122070312,127.37999725341797,7560100.0,121.38851928710938,0.8598622774283533
2018-03-23,127.80000305175781,124.9000015258789,127.62999725341797,125.0999984741211,8452500.0,119.21576690673828,0.8444714391085835
2018-03-26,127.54000091552734,125.20999908447266,126.41000366210938,127.38999938964844,8358200.0,121.39805603027344,0.8599297955616845
2018-03-27,129.10000610351562,126.38999938964844,127.11000061035156,127.20999908447266,7789900.0,121.22651672363281,0.8587147266679528
2018-03-28,129.02000427246094,127.20999908447266,127.62999725341797,127.44999694824219,6868500.0,121.4552230834961,0.8603348013591797
2018-03-29,128.75999450683594,126.81999969482422,127.97000122070312,128.14999389648438,6119400.0,122.1222915649414,0.8650600406674438
2018-04-02,127.87999725341797,123.54000091552734,127.81999969482422,124.55999755859375,8916900.0,118.70116424560547,0.8408262324273886
2018-04-03,128.49000549316406,124.68000030517578,125.18000030517578,128.35000610351562,8035000.0,122.31289672851562,0.8664101973290836
2018-04-04,131.1199951171875,126.38999938964844,126.9000015258789,130.41000366210938,7717100.0,124.2760009765625,0.880315945723043
2018-04-05,131.1999969482422,129.5,130.41000366210938,130.7100067138672,5621700.0,124.56189727783203,0.882341077713011
2018-04-06,130.63999938964844,126.41000366210938,130.22000122070312,128.10000610351562,6399300.0,122.07466888427734,0.8647226045045255
2018-04-09,131.13999938964844,127.68000030517578,128.64999389648438,129.47999572753906,6395800.0,123.3897476196289,0.8740380468543915
2018-04-10,130.91000366210938,129.2899932861328,130.25,130.25,6019300.0,124.12352752685547,0.8792358615947279
2018-04-11,130.35000610351562,129.02999877929688,129.13999938964844,129.6300048828125,4575400.0,123.53268432617188,0.8750506643506213
2018-04-12,131.30999755859375,129.86000061035156,130.08999633789062,130.42999267578125,4559800.0,124.29505920410156,0.8804508789872135
2018-04-13,131.4199981689453,129.6300048828125,131.08999633789062,130.6199951171875,4742300.0,124.47611999511719,0.8817334660142764
2018-04-16,132.8800048828125,131.27999877929688,131.41000366210938,131.75999450683594,6379600.0,125.56248474121094,0.8894288851741613
2018-04-17,132.1999969482422,128.80999755859375,132.11000061035156,130.5399932861328,11008700.0,124.39988708496094,0.8811934239501188
2018-04-18,129.89999389648438,126.94000244140625,129.69000244140625,127.72000122070312,9383600.0,121.71253204345703,0.8621574304504
2018-04-19,128.27000427246094,126.88999938964844,127.62999725341797,127.55000305175781,5959500.0,121.55052185058594,0.8610098796899995
2018-04-20,128.3000030517578,126.16999816894531,128.0,126.66000366210938,7743900.0,120.702392578125,0.8550020533546727
2018-04-23,127.30000305175781,125.77999877929688,126.87999725341797,126.83000183105469,7501900.0,120.8644027709961,0.8561496041150731
2018-04-24,127.45999908447266,125.30999755859375,126.94000244140625,126.19000244140625,6577500.0,120.2544937133789,0.8518293706043043
2018-04-25,126.8499984741211,125.27999877929688,125.91000366210938,126.76000213623047,5859600.0,120.79769134521484,0.8556770801842467
2018-04-26,129.22000122070312,126.62000274658203,126.62000274658203,128.00999450683594,8211100.0,121.98888397216797,0.864114992805791
2018-04-27,128.7899932861328,127.5,127.7300033569336,128.27000427246094,4266800.0,122.23666381835938,0.8658701552649261
2018-04-30,128.97999572753906,126.48999786376953,128.86000061035156,126.48999786376953,8219400.0,120.54037475585938,0.8538544510930264
2018-05-01,126.63999938964844,124.97000122070312,126.31999969482422,126.01000213623047,5122600.0,120.08296203613281,0.8506143017105727
2018-05-02,126.18000030517578,123.19999694824219,125.5199966430664,123.5,7390800.0,117.69102478027344,0.8336708553316613
2018-05-03,123.69000244140625,121.27999877929688,123.30000305175781,123.02999877929688,7282900.0,117.24312591552734,0.8304981725812929
2018-05-04,124.51000213623047,121.80000305175781,122.5999984741211,124.19000244140625,6127600.0,118.34856414794922,0.8383286280078401
2018-05-07,125.23999786376953,123.31999969482422,124.13999938964844,123.58999633789062,6707900.0,117.77678680419922,0.8342783640279042
2018-05-08,123.48999786376953,121.69000244140625,122.86000061035156,122.61000061035156,5951800.0,116.8428726196289,0.8276630289963345
2018-05-09,124.05000305175781,122.52999877929688,122.98999786376953,123.51000213623047,6808600.0,117.70055389404297,0.8337383734649925
2018-05-10,126.05000305175781,124.0,124.22000122070312,125.3499984741211,4948000.0,119.45401000976562,0.8461590319331415
2018-05-11,127.5999984741211,125.76000213623047,125.7699966430664,127.23999786376953,5716700.0,121.2551040649414,0.8589172295667005
2018-05-14,127.61000061035156,125.5999984741211,127.3499984741211,126.05999755859375,6101600.0,120.13059997558594,0.8509517893747368
2018-05-15,125.83000183105469,124.4000015258789,125.54000091552734,125.12999725341797,5875700.0,119.24435424804688,0.8446739420073311
2018-05-16,125.9000015258789,125.0,125.44000244140625,125.3499984741211,3818100.0,119.45401000976562,0.8461590319331415
2018-05-17,125.58999633789062,123.55000305175781,125.48999786376953,123.8499984741211,6473400.0,118.0245590209961,0.8360334749857934
2018-05-18,124.44000244140625,123.27999877929688,123.77999877929688,124.23999786376953,5433900.0,118.39620971679688,0.8386661156720042
2018-05-21,124.98999786376953,123.31999969482422,124.62000274658203,123.72000122070312,5558700.0,117.90067291259766,0.8351559452574717
2018-05-22,124.23999786376953,122.76000213623047,123.80000305175781,122.91000366210938,7172700.0,117.1287841796875,0.8296881609863024
2018-05-23,123.97000122070312,122.73999786376953,122.87000274658203,123.44999694824219,4940800.0,117.64337158203125,0.8333333161662514
2018-05-24,123.38999938964844,121.55000305175781,123.22000122070312,122.25,6923600.0,116.49980926513672,0.8252328912088712
2018-05-25,122.80000305175781,121.12999725341797,121.55999755859375,121.47000122070312,4594800.0,116.61502075195312,0.8199676098364496
2018-05-29,120.80000305175781,118.62000274658203,120.5,119.4000015258789,9821900.0,114.62775421142578,0.805994343309159
2018-05-30,121.58000183105469,119.54000091552734,120.12000274658203,120.97000122070312,6423700.0,116.13499450683594,0.8165924241873335
2018-05-31,121.25,119.54000091552734,120.91999816894531,119.62000274658203,10337500.0,114.8389663696289,0.8074794332349694
2018-06-01,121.31999969482422,119.97000122070312,120.37999725341797,121.26000213623047,5741000.0,116.41342163085938,0.8185500380439703
2018-06-04,122.37000274658203,121.0199966430664,121.8499984741211,121.94999694824219,4853000.0,117.0758285522461,0.8232077592189032
2018-06-05,122.55999755859375,120.9000015258789,122.05000305175781,121.4800033569336,5125400.0,116.62461853027344,0.8200351279697807
2018-06-06,122.79000091552734,121.45999908447266,121.97000122070312,122.79000091552734,6799300.0,117.88225555419922,0.8288780978900661
2018-06-07,123.48999786376953,122.2699966430664,123.0,123.33000183105469,7414100.0,118.40068817138672,0.8325233045712609
2018-06-08,124.8499984741211,123.33000183105469,123.36000061035156,124.05999755859375,6208100.0,119.10149383544922,0.8374510467782726
2018-06-11,124.33999633789062,122.55000305175781,124.2699966430664,122.66000366210938,5571400.0,117.7574691772461,0.8280005681617444
2018-06-12,123.18000030517578,121.94999694824219,123.16000366210938,122.54000091552734,5227300.0,117.64225769042969,0.8271905050655081
2018-06-13,124.08999633789062,122.45999908447266,123.1500015258789,122.62999725341797,5836900.0,117.72865295410156,0.8277980137617509
2018-06-14,123.1500015258789,122.08999633789062,122.70999908447266,122.41000366210938,5239200.0,117.51744842529297,0.8263129753371864
2018-06-15,122.7300033569336,121.23999786376953,122.0999984741211,122.61000061035156,13173500.0,117.70945739746094,0.8276630289963345
2018-06-18,121.80999755859375,120.25,121.61000061035156,121.31999969482422,6787400.0,116.47100830078125,0.8189550438414656
2018-06-19,123.16999816894531,120.56999969482422,120.66000366210938,122.56999969482422,8572400.0,117.6710433959961,0.8273930079642556
2018-06-20,122.66000366210938,121.66000366210938,122.41999816894531,122.04000091552734,6277200.0,117.16223907470703,0.823815319416392
2018-06-21,122.23999786376953,121.11000061035156,121.83000183105469,121.44999694824219,4417200.0,116.59581756591797,0.8198325735697872
2018-06-22,123.37999725341797,121.6500015258789,121.68000030517578,122.83999633789062,9501400.0,117.93025970458984,0.8292155855542301
2018-06-25,123.43000030517578,121.51000213623047,122.81999969482422,122.58999633789062,8170500.0,117.69024658203125,0.8275279927296721
2018-06-26,122.88999938964844,121.5999984741211,122.48999786376953,122.3499984741211,5496400.0,117.45984649658203,0.8259079180384453
2018-06-27,122.97000122070312,121.44999694824219,122.12999725341797,121.61000061035156,5666000.0,116.74942779541016,0.8209126576981024
2018-06-28,122.41000366210938,121.06999969482422,121.77999877929688,122.0,5296800.0,117.12383270263672,0.8235452983843132
2018-06-29,123.18000030517578,121.19000244140625,122.23999786376953,121.33999633789062,7308700.0,116.49022674560547,0.8190900286068821
2018-07-02,121.7300033569336,120.11000061035156,121.33999633789062,121.58000183105469,5481400.0,116.72061920166016,0.8207101547993547
2018-07-03,123.45999908447266,121.26000213623047,121.6500015258789,122.70999908447266,4248100.0,117.80546569824219,0.8283380558259085
2018-07-05,125.12000274658203,123.2300033569336,123.5999984741211,125.0,7319100.0,120.0039291381836,0.8437964122790095
2018-07-06,125.91999816894531,124.61000061035156,125.16000366210938,125.75,7297900.0,120.72395324707031,0.8488591907526835
2018-07-09,126.75,125.5999984741211,126.22000122070312,126.05000305175781,6706100.0,121.01197052001953,0.8508843227426515
2018-07-10,127.5199966430664,126.11000061035156,126.37000274658203,127.37999725341797,5075600.0,122.28881072998047,0.8598622774283533
2018-07-11,127.44000244140625,126.05999755859375,127.41000366210938,126.23999786376953,4827400.0,121.19436645507812,0.8521668582684684
2018-07-12,128.2100067138672,127.16999816894531,127.70999908447266,127.76000213623047,6199000.0,122.65361785888672,0.8624274514824788
2018-07-13,127.5,125.31999969482422,125.31999969482422,125.93000030517578,8250200.0,120.89675903320312,0.8500742596464151
2018-07-16,126.0999984741211,124.16000366210938,126.0,124.69000244140625,7314400.0,119.7063217163086,0.8417038136569561
2018-07-17,130.5399932861328,127.55999755859375,128.52999877929688,129.11000061035156,12858700.0,123.94966125488281,0.871540442434843
2018-07-18,129.0500030517578,127.16999816894531,128.80999755859375,127.80000305175781,7152000.0,122.6920166015625,0.8626974725145576
2018-07-19,127.69999694824219,125.87000274658203,127.52999877929688,125.94000244140625,5984600.0,120.90636444091797,0.8501417777797463
2018-07-20,126.13999938964844,125.12000274658203,125.30000305175781,125.8499984741211,5835500.0,120.81996154785156,0.8495342175822576
2018-07-23,126.68000030517578,125.44999694824219,125.75,126.62999725341797,4631100.0,121.56877899169922,0.8547994989546792
2018-07-24,129.6199951171875,127.1500015258789,127.23999786376953,129.36000061035156,7158800.0,124.18966674804688,0.873228035259401
2018-07-25,129.22999572753906,127.6500015258789,129.13999938964844,128.6199951171875,6523000.0,123.479248046875,0.8682327234178122
2018-07-26,131.22000122070312,129.85000610351562,129.89999389648438,130.27999877929688,7640600.0,125.07290649414062,0.8794383644934755
2018-07-27,132.27000427246094,129.94000244140625,129.97999572753906,131.5500030517578,6620400.0,126.29216003417969,0.8880113648829279
2018-07-30,132.49000549316406,131.25,131.77999877929688,132.1699981689453,11013100.0,126.88734436035156,0.8921965621270345
2018-07-31,132.63999938964844,131.77000427246094,132.27999877929688,132.52000427246094,7598900.0,127.2233657836914,0.8945592332824124
2018-08-01,132.9600067138672,132.0800018310547,132.38999938964844,132.63999938964844,5770400.0,127.33856964111328,0.8953692448774029
2018-08-02,133.0,131.08999633789062,132.88999938964844,131.25,6563300.0,126.00411987304688,0.88598623289296
2018-08-03,132.6999969482422,130.89999389648438,131.17999267578125,131.9499969482422,6498700.0,126.67615509033203,0.890711472201224
2018-08-06,132.52999877929688,131.00999450683594,131.63999938964844,132.02000427246094,5840000.0,126.74335479736328,0.8911840476332963
2018-08-07,132.1699981689453,131.3000030517578,131.8800048828125,131.4600067138672,4664600.0,126.20572662353516,0.887403856186685
2018-08-08,131.8000030517578,130.88999938964844,131.49000549316406,131.1699981689453,3721500.0,125.92732238769531,0.8854461908288024
2018-08-09,131.72000122070312,130.6699981689453,131.5399932861328,131.1999969482422,4057800.0,125.95613098144531,0.88564869372755
2018-08-10,131.6300048828125,130.25999450683594,131.19000244140625,130.75,4324000.0,125.52411651611328,0.8826110472438439
2018-08-13,130.89999389648438,129.85000610351562,130.72000122070312,130.22000122070312,3778000.0,125.01529693603516,0.8790333586959802
2018-08-14,130.47000122070312,129.35000610351562,129.6699981689453,129.5,4542800.0,124.3240737915039,0.8741730831210538
2018-08-15,130.74000549316406,128.92999267578125,129.75,130.42999267578125,5377300.0,125.21690368652344,0.8804508789872135
2018-08-16,132.8800048828125,130.57000732421875,131.02000427246094,132.47999572753906,7861500.0,127.1849594116211,0.8942891607490877
2018-08-17,135.0,132.19000244140625,132.4499969482422,134.47000122070312,6700900.0,129.0954132080078,0.9077224367134665
2018-08-20,137.1199951171875,134.0,134.92999267578125,136.8800048828125,7935000.0,131.4091033935547,0.9239908562628039
2018-08-21,137.42999267578125,135.3000030517578,137.0,135.35000610351562,5832100.0,129.9402618408203,0.9136627964167081
2018-08-22,135.67999267578125,134.4199981689453,135.55999755859375,134.61000061035156,4688400.0,129.22982788085938,0.9086674845751194
2018-08-23,135.49000549316406,134.10000610351562,134.61000061035156,135.11000061035156,5057600.0,129.70985412597656,0.9120426702242354
2018-08-24,136.14999389648438,134.8300018310547,135.11000061035156,135.9499969482422,4809400.0,130.5162811279297,0.9177129573941524
2018-08-27,136.0500030517578,134.2100067138672,135.5,134.9199981689453,4325900.0,130.39064025878906,0.9107600831971726
2018-08-28,134.89999389648438,133.88999938964844,134.77999877929688,134.32000732421875,6037500.0,129.81077575683594,0.9067099222197285
2018-08-29,134.94000244140625,133.94000244140625,134.32000732421875,134.86000061035156,4648700.0,130.33265686035156,0.9103550773996774
2018-08-30,135.60000610351562,134.60000610351562,134.6999969482422,134.9499969482422,4821900.0,130.4196319580078,0.9109625860959203
2018-08-31,135.0,133.97000122070312,134.60000610351562,134.69000244140625,6139500.0,130.16836547851562,0.909207526639277
2018-09-04,134.75,133.44000244140625,134.69000244140625,133.72000122070312,4406800.0,129.23094177246094,0.9026596582397924
2018-09-05,135.94000244140625,133.4600067138672,133.47999572753906,135.86000061035156,6174800.0,131.29908752441406,0.9171054486979094
2018-09-06,137.30999755859375,135.17999267578125,135.5,136.8699951171875,6562000.0,132.27517700195312,0.9239232866282269
2018-09-07,137.69000244140625,135.75,136.77999877929688,137.32000732421875,6375200.0,132.71006774902344,0.9269610361144246
2018-09-10,138.47000122070312,137.05999755859375,137.52999877929688,137.2100067138672,4892200.0,132.60377502441406,0.9262184911515194
2018-09-11,138.91000366210938,137.22000122070312,137.63999938964844,138.50999450683594,7856800.0,133.86012268066406,0.9349938914372278
2018-09-12,139.99000549316406,138.55999755859375,138.89999389648438,139.36000061035156,6767700.0,134.68157958984375,0.9407317482417217
2018-09-13,140.47999572753906,139.02000427246094,139.88999938964844,139.88999938964844,6456100.0,135.19378662109375,0.9443094367895853
2018-09-14,140.35000610351562,139.10000610351562,140.0,139.49000549316406,4534800.0,134.80722045898438,0.9416093294712893
2018-09-17,140.39999389648438,139.17999267578125,139.3300018310547,139.9600067138672,5295500.0,135.26144409179688,0.9447820122216577
2018-09-18,140.83999633789062,139.8300018310547,140.27000427246094,140.5399932861328,4581200.0,135.8219757080078,0.9486971369324395
2018-09-19,140.99000549316406,140.0500030517578,140.75999450683594,140.4600067138672,5049900.0,135.74465942382812,0.9481571978707737
2018-09-20,142.13999938964844,140.50999450683594,140.82000732421875,141.97999572753906,5019300.0,137.21363830566406,0.9584176880822924
2018-09-21,143.1300048828125,141.69000244140625,142.17999267578125,142.8800048828125,13283400.0,138.08343505859375,0.9644930840521964
2018-09-24,142.5,140.22999572753906,142.10000610351562,140.47000122070312,6708000.0,135.75433349609375,0.948224664502859
2018-09-25,140.9600067138672,138.39999389648438,140.52999877929688,138.63999938964844,7982800.0,133.9857635498047,0.9358714726667953
2018-09-26,140.0,137.9600067138672,138.9499969482422,138.16000366210938,7133300.0,133.52188110351562,0.9326313232843416
2018-09-27,139.5800018310547,137.57000732421875,138.4499969482422,138.22000122070312,6450500.0,133.57986450195312,0.9330363290818369
2018-09-28,138.55999755859375,137.41000366210938,138.10000610351562,138.1699981689453,6638500.0,133.53152465820312,0.9326987899164269
2018-10-01,139.85000610351562,138.0,138.25999450683594,139.69000244140625,4871800.0,135.00051879882812,0.9429593831304373
2018-10-02,140.72999572753906,139.64999389648438,139.7899932861328,140.47999572753906,6439100.0,135.7639923095703,0.9482921311349443
2018-10-03,141.27000427246094,138.8800048828125,140.5399932861328,139.02999877929688,5411800.0,134.3626708984375,0.9385041133530061
2018-10-04,139.52999877929688,137.32000732421875,138.5500030517578,139.35000610351562,4738700.0,134.67193603515625,0.9406642816096364
2018-10-05,140.25,138.55999755859375,139.8000030517578,139.10000610351562,4309300.0,134.43032836914062,0.9389766887850785
2018-10-08,139.67999267578125,138.6199951171875,138.89999389648438,139.38999938964844,5174100.0,134.71058654785156,0.9409342511404694
2018-10-09,139.6199951171875,137.80999755859375,138.74000549316406,139.1999969482422,4475300.0,134.52694702148438,0.9396516641134066
2018-10-10,140.4600067138672,137.72999572753906,139.35000610351562,137.72999572753906,7265600.0,133.10629272460938,0.9297286100648061
2018-10-11,138.66000366210938,132.8800048828125,137.91000366210938,133.83999633789062,11603200.0,129.34689331054688,0.9034696698347829
2018-10-12,134.41000366210938,132.22999572753906,134.39999389648438,133.8699951171875,6998000.0,129.37588500976562,0.9036721727335306
2018-10-15,135.3000030517578,133.50999450683594,133.8800048828125,133.9499969482422,6398700.0,129.45321655273438,0.9042122147976882
2018-10-16,137.99000549316406,134.75,134.75,136.55999755859375,9592800.0,131.97560119628906,0.9218306880061735
2018-10-17,140.0,136.2100067138672,136.22999572753906,139.4600067138672,8261100.0,134.7782440185547,0.9414068265725416
2018-10-18,139.80999755859375,137.7100067138672,139.1999969482422,139.5,7583900.0,134.81689453125,0.9416767961033745
2018-10-19,140.0,137.91000366210938,138.33999633789062,139.0500030517578,5924800.0,134.38198852539062,0.9386391496196684
2018-10-22,139.25999450683594,138.13999938964844,138.61000061035156,138.67999267578125,4864300.0,134.0244140625,0.9361414421976282
2018-10-23,139.49000549316406,137.4499969482422,137.7899932861328,138.92999267578125,8282700.0,134.26602172851562,0.9378290350221862
2018-10-24,140.11000061035156,137.1699981689453,138.52000427246094,137.47000122070312,8279200.0,132.85504150390625,0.9279735506081628
2018-10-25,139.08999633789062,135.0500030517578,137.4600067138672,138.47000122070312,9720700.0,133.82147216796875,0.9347239219063949
2018-10-26,139.3000030517578,135.3300018310547,137.94000244140625,136.97000122070312,11371400.0,132.371826171875,0.9245983649590467
2018-10-29,139.10000610351562,136.22000122070312,136.99000549316406,137.5500030517578,6783000.0,132.93235778808594,0.9285135926723204
2018-10-30,141.10000610351562,137.0,137.92999267578125,140.75,9646200.0,136.02491760253906,0.9501147602261646
2018-10-31,141.42999267578125,139.61000061035156,141.0,139.99000549316406,9968900.0,135.2904510498047,0.9449845151204053
2018-11-01,141.5800018310547,139.85000610351562,140.07000732421875,140.82000732421875,6913500.0,136.0925750732422,0.9505873356582369
2018-11-02,142.0,139.66000366210938,141.97000122070312,140.67999267578125,7673200.0,135.95726013183594,0.9496421847940923
2018-11-05,142.74000549316406,139.0,141.0,142.1999969482422,5601400.0,137.4262237548828,0.9599027780081028
2018-11-06,142.8300018310547,141.05999755859375,141.52999877929688,142.57000732421875,5798900.0,137.78384399414062,0.962400485430143
2018-11-07,144.8699951171875,142.97000122070312,143.10000610351562,144.75,7173600.0,139.89065551757812,0.9771162454190929
2018-11-08,145.7899932861328,144.0,144.30999755859375,145.3000030517578,5497100.0,140.42218017578125,0.9808289702336189
2018-11-09,145.74000549316406,144.3800048828125,145.0399932861328,145.33999633789062,5343100.0,140.46083068847656,0.9810989397644518
2018-11-12,146.24000549316406,144.72999572753906,144.99000549316406,145.6199951171875,7013600.0,140.73143005371094,0.9829890354877575
2018-11-13,146.75,143.4199981689453,146.19000244140625,144.67999267578125,7432300.0,139.82298278808594,0.9766436699870207
2018-11-14,145.30999755859375,143.55999755859375,145.02000427246094,144.25,6433100.0,139.4074249267578,0.9737410597699769
2018-11-15,144.50999450683594,142.47999572753906,143.41000366210938,144.5,6657900.0,139.64903259277344,0.9754286525945349
2018-11-16,146.74000549316406,144.5500030517578,144.7100067138672,145.99000549316406,8494300.0,141.08901977539062,0.9854867429097978
2018-11-19,148.44000244140625,146.3699951171875,146.42999267578125,147.72999572753906,8714600.0,142.77059936523438,0.9972323230471268
2018-11-20,148.75,146.35000610351562,147.5,146.4499969482422,8937700.0,141.5335693359375,0.9885918560255891
2018-11-21,146.22999572753906,140.77999877929688,146.22999572753906,141.99000549316406,10275400.0,137.2233123779297,0.9584852577168694
2018-11-23,142.72999572753906,141.60000610351562,141.85000610351562,142.22999572753906,3404900.0,137.4552459716797,0.9601052809068504
2018-11-26,142.0500030517578,140.72000122070312,142.0,141.3699951171875,7590900.0,137.49415588378906,0.9542999574702712
2018-11-27,143.35000610351562,139.66000366210938,140.57000732421875,143.22000122070312,5962100.0,139.29342651367188,0.9667881855729972
2018-11-28,146.55999755859375,143.36000061035156,143.8300018310547,146.44000244140625,8411400.0,142.4251708984375,0.9885243893935038
2018-11-29,147.1999969482422,144.83999633789062,145.6199951171875,145.85000610351562,6900000.0,141.85133361816406,0.9845416950481449
2018-11-30,147.0,145.10000610351562,145.33999633789062,146.89999389648438,12517600.0,142.87254333496094,0.9916295025092952
2018-12-03,146.6300048828125,144.94000244140625,145.57000732421875,146.2100067138672,8827200.0,142.2014617919922,0.9869718328356081
2018-12-04,148.99000549316406,145.82000732421875,146.32000732421875,146.02999877929688,9803500.0,142.02639770507812,0.9857567124406307
2018-12-06,146.4499969482422,142.7899932861328,144.5,145.91000366210938,11572500.0,141.90968322753906,0.9849467008456402
2018-12-07,147.33999633789062,144.1199951171875,145.49000549316406,145.42999267578125,9444500.0,141.4428253173828,0.9817064484606947
2018-12-10,145.8800048828125,142.3800048828125,145.38999938964844,145.25999450683594,6848100.0,141.27749633789062,0.9805588977002943
2018-12-11,148.2100067138672,145.7899932861328,146.2899932861328,146.5,9857400.0,142.48350524902344,0.9889293951909991
2018-12-12,148.49000549316406,147.0,147.0,147.10000610351562,8869200.0,143.0670623779297,0.992979659170935
2018-12-13,148.58999633789062,146.8000030517578,146.9600067138672,147.83999633789062,6008300.0,143.78675842285156,0.997974868010032
2018-12-14,145.3800048828125,130.1999969482422,144.33999633789062,133.0,58140200.0,129.35362243652344,0.897799382664866
2018-12-17,131.64999389648438,126.83000183105469,128.32000732421875,129.13999938964844,36933100.0,125.59944915771484,0.8717429453335905
2018-12-18,132.8000030517578,129.1999969482422,132.0500030517578,130.4199981689453,24640100.0,126.84435272216797,0.8803834123551283
2018-12-19,131.35000610351562,127.08999633789062,129.8699951171875,127.61000061035156,21232100.0,124.11139678955078,0.8614148854874948
2018-12-20,129.75,126.76000213623047,127.72000122070312,128.27000427246094,16609600.0,124.75331115722656,0.8658701552649261
2018-12-21,130.60000610351562,127.12000274658203,127.80000305175781,128.08999633789062,19732900.0,124.57823181152344,0.8646550348699485
2018-12-24,128.0,121.0,127.30000305175781,122.83999633789062,7531900.0,119.47216796875,0.8292155855542301
2018-12-26,126.76000213623047,122.01000213623047,123.41999816894531,126.70999908447266,9253000.0,123.23606872558594,0.8553395410188368
2018-12-27,127.41000366210938,123.06999969482422,125.87000274658203,127.41000366210938,9918700.0,123.91688537597656,0.8600648318283468
2018-12-28,128.75,126.75,127.91000366210938,127.2699966430664,6537200.0,123.78072357177734,0.859119732465448
2018-12-31,129.5500030517578,127.41999816894531,128.17999267578125,129.0500030517578,7409900.0,125.51192474365234,0.8711354366373477
2019-01-02,128.3800048828125,126.27999877929688,128.1300048828125,127.75,7631700.0,124.24755859375,0.8623599333491476
2019-01-03,128.27000427246094,125.36000061035156,128.13999938964844,125.72000122070312,8654500.0,122.2732162475586,0.8486566878539359
2019-01-04,128.64999389648438,126.7300033569336,127.12000274658203,127.83000183105469,8831700.0,124.32537078857422,0.8628999754133052
2019-01-07,128.35000610351562,126.80000305175781,127.62999725341797,127.01000213623047,8404700.0,123.5278549194336,0.8573646730088047
2019-01-08,130.5,127.7300033569336,128.17999267578125,129.9600067138672,9351600.0,126.39698791503906,0.8772782992393369
2019-01-09,130.24000549316406,128.3300018310547,129.8300018310547,128.92999267578125,7403500.0,125.39519500732422,0.8703253220398655
2019-01-10,129.88999938964844,127.69000244140625,127.69000244140625,129.7100067138672,6224400.0,126.15382385253906,0.8755907064147789
2019-01-11,129.83999633789062,128.30999755859375,129.0,129.75,5300400.0,126.1927261352539,0.8758606759456118
2019-01-14,128.9600067138672,127.58999633789062,128.74000549316406,128.27999877929688,7374400.0,124.76303100585938,0.8659376218970113
2019-01-15,129.49000549316406,127.6500015258789,128.52000427246094,129.36000061035156,5194400.0,125.81342315673828,0.873228035259401
2019-01-16,129.41000366210938,127.9000015258789,129.41000366210938,128.0399932861328,6264200.0,124.52960968017578,0.8643174957045386
2019-01-17,129.52000427246094,127.45999908447266,127.70999908447266,129.08999633789062,7632000.0,125.55082702636719,0.8714054061681806
2019-01-18,131.17999267578125,129.4499969482422,129.89999389648438,130.69000244140625,10593000.0,127.10696411132812,0.8822060414463486
2019-01-22,129.5,127.01000213623047,128.1999969482422,128.8000030517578,10568100.0,125.26876831054688,0.8694478438127897
2019-01-23,129.3000030517578,127.93000030517578,128.5,128.8000030517578,9267800.0,125.26876831054688,0.8694478438127897
2019-01-24,128.6999969482422,125.0,128.49000549316406,127.02999877929688,9917000.0,123.54730224609375,0.8574996577742212
2019-01-25,128.4499969482422,127.02999877929688,128.1300048828125,128.22999572753906,7585100.0,124.71440124511719,0.8656000827316014
2019-01-28,129.14999389648438,127.29000091552734,127.80999755859375,128.99000549316406,6927700.0,125.45355987548828,0.8707304308398525
2019-01-29,130.47000122070312,128.5,128.9499969482422,130.3300018310547,6669300.0,126.75682830810547,0.8797759036588854
2019-01-30,132.19000244140625,130.3000030517578,130.3699951171875,131.63999938964844,7299300.0,128.03091430664062,0.8886188735791708
2019-01-31,135.19000244140625,130.8699951171875,131.6300048828125,133.0800018310547,17298100.0,129.43142700195312,0.8983394247290236
2019-02-01,134.69000244140625,133.47000122070312,134.02000427246094,134.1999969482422,9575200.0,130.52072143554688,0.9058998076222462
2019-02-04,134.14999389648438,132.2100067138672,133.9600067138672,132.8800048828125,7759000.0,129.23692321777344,0.8969893710698755
2019-02-05,133.8800048828125,132.75,133.52000427246094,132.8800048828125,6449800.0,129.23692321777344,0.8969893710698755
2019-02-06,133.57000732421875,132.3000030517578,133.0800018310547,133.0,5066100.0,129.35362243652344,0.897799382664866
2019-02-07,132.63999938964844,131.52999877929688,132.4499969482422,132.0500030517578,6085300.0,128.42967224121094,0.891386550532044
2019-02-08,132.4600067138672,131.5399932861328,131.9499969482422,132.39999389648438,4436700.0,128.7700653076172,0.8937491186849301
2019-02-11,132.6699981689453,131.25999450683594,132.30999755859375,132.0,4962200.0,128.38104248046875,0.891049011366634
2019-02-12,134.3000030517578,132.0800018310547,132.0800018310547,134.16000366210938,6262300.0,130.48182678222656,0.9056298380914133
2019-02-13,134.97999572753906,133.2100067138672,134.07000732421875,134.4499969482422,7902200.0,130.7638702392578,0.9075874004468042
2019-02-14,134.82000732421875,133.35000610351562,134.3000030517578,134.30999755859375,3910400.0,130.62770080566406,0.9066423525851514
2019-02-15,136.41000366210938,135.00999450683594,135.19000244140625,136.3800048828125,6665000.0,132.6409454345703,0.9206156706136878
2019-02-19,136.3800048828125,135.6300048828125,136.13999938964844,135.69000244140625,5935500.0,131.96987915039062,0.915957897937509
2019-02-20,136.72999572753906,135.72999572753906,135.97000122070312,136.35000610351562,6089800.0,132.61180114746094,0.9204131677149402
2019-02-21,135.7899932861328,134.27000427246094,134.97999572753906,135.4199981689453,6665500.0,131.707275390625,0.9141352688462887
2019-02-22,136.63999938964844,134.82000732421875,135.2899932861328,136.60000610351562,5223900.0,132.8549346923828,0.9221007605394982
2019-02-25,137.49000549316406,135.86000061035156,136.35000610351562,136.1999969482422,6846600.0,133.3444366455078,0.9194005502187104
2019-02-26,136.9600067138672,136.0500030517578,136.44000244140625,136.11000061035156,5106900.0,133.25633239746094,0.9187930415224674
2019-02-27,136.25,135.38999938964844,135.52000427246094,135.8699951171875,4378100.0,133.02134704589844,0.9171729153299948
2019-02-28,137.9499969482422,135.69000244140625,135.9499969482422,136.63999938964844,10133200.0,133.7752227783203,0.9223707300703311
2019-03-01,138.61000061035156,137.00999450683594,137.22000122070312,138.35000610351562,5641600.0,135.44935607910156,0.9339139103114044
2019-03-04,139.41000366210938,137.50999450683594,138.85000610351562,138.47999572753906,8377700.0,135.57662963867188,0.9347913885384801
2019-03-05,139.13999938964844,138.36000061035156,138.80999755859375,138.77000427246094,6568900.0,135.8605499267578,0.9367490538963628
2019-03-06,139.64999389648438,138.60000610351562,139.47000122070312,139.08999633789062,6236900.0,136.17384338378906,0.9389091191505013
2019-03-07,139.1199951171875,137.6999969482422,138.52999877929688,138.24000549316406,6100400.0,135.34169006347656,0.9331713653484991
2019-03-08,139.3000030517578,136.4199981689453,138.08999633789062,138.05999755859375,7046700.0,135.16543579101562,0.9319562449535217
2019-03-11,139.02999877929688,137.52000427246094,138.11000061035156,138.55999755859375,6150400.0,135.6549530029297,0.9353314306026377
2019-03-12,140.0,138.5,138.64999389648438,139.17999267578125,5552900.0,136.261962890625,0.9395166278467443
2019-03-13,139.83999633789062,139.02000427246094,139.58999633789062,139.41000366210938,6446900.0,136.4871368408203,0.9410692874071317
2019-03-14,138.8000030517578,137.94000244140625,138.33999633789062,138.02000427246094,8493600.0,135.12628173828125,0.9316862754226888
2019-03-15,138.25999450683594,136.8300018310547,138.0,137.60000610351562,11922500.0,134.71510314941406,0.9288511318377303
2019-03-18,137.77999877929688,136.72000122070312,137.64999389648438,137.1699981689453,7369600.0,134.2941131591797,0.9259484186181948
2019-03-19,138.82000732421875,137.47000122070312,137.61000061035156,138.44000244140625,5882500.0,135.5374755859375,0.9345214190076472
2019-03-20,138.50999450683594,136.64999389648438,138.3300018310547,137.2899932861328,5475700.0,134.41159057617188,0.9267584302131853
2019-03-21,138.77999877929688,136.9499969482422,137.0,138.10000610351562,5765100.0,135.20460510253906,0.9322263174868464
2019-03-22,138.38999938964844,136.86000061035156,137.75,136.91000366210938,6528800.0,134.03956604003906,0.9241933591615514
2019-03-25,137.00999450683594,135.74000549316406,136.91000366210938,136.61000061035156,4500300.0,133.74583435058594,0.9221682271715835
2019-03-26,139.27000427246094,136.92999267578125,136.92999267578125,138.57000732421875,4758600.0,135.66476440429688,0.9353990002372148
2019-03-27,139.47999572753906,138.07000732421875,138.58999633789062,138.6999969482422,6764900.0,135.7920379638672,0.9362764784642905
2019-03-28,139.4600067138672,138.7100067138672,139.05999755859375,138.8800048828125,4602100.0,135.96826171875,0.937491598859268
2019-03-29,139.8800048828125,138.8800048828125,139.27999877929688,139.7899932861328,7168400.0,136.85916137695312,0.9436343584587654
2019-04-01,140.2899932861328,138.74000549316406,139.99000549316406,138.97999572753906,5885200.0,136.06614685058594,0.9381665741875962
2019-04-02,139.00999450683594,136.91000366210938,139.00999450683594,137.7100067138672,5517800.0,134.82278442382812,0.9295936768006355
2019-04-03,138.24000549316406,136.8699951171875,138.1999969482422,137.1699981689453,5947000.0,134.2941131591797,0.9259484186181948
2019-04-04,137.00999450683594,135.1300048828125,136.8699951171875,135.57000732421875,5844600.0,132.7276611328125,0.9151478863425185
2019-04-05,136.5800018310547,135.6999969482422,136.0399932861328,136.17999267578125,4759700.0,133.32485961914062,0.919265513952048
2019-04-08,136.50999450683594,135.6999969482422,136.0500030517578,136.13999938964844,4329600.0,133.28570556640625,0.9189955444212151
2019-04-09,136.25999450683594,134.55999755859375,136.0,135.57000732421875,5210300.0,132.7276611328125,0.9151478863425185
2019-04-10,136.1300048828125,135.3300018310547,135.88999938964844,135.5800018310547,4194100.0,132.73744201660156,0.9152153529746038
2019-04-11,136.17999267578125,134.4199981689453,135.9600067138672,135.2100067138672,4485200.0,132.37521362304688,0.9127177485550553
2019-04-12,136.35000610351562,134.75,135.22000122070312,135.97999572753906,5756800.0,133.12904357910156,0.9179154602928999
2019-04-15,136.7899932861328,135.8000030517578,136.0,136.52000427246094,5380900.0,133.65773010253906,0.9215607184753406
2019-04-16,140.6999969482422,137.55999755859375,138.32000732421875,138.02000427246094,10745700.0,135.12628173828125,0.9316862754226888
2019-04-17,140.14999389648438,137.6699981689453,139.0,138.52000427246094,9543700.0,135.6157989501953,0.9350614610718048
2019-04-18,140.24000549316406,135.75,139.35000610351562,137.52000427246094,10485300.0,134.63677978515625,0.9283110897735727
2019-04-22,138.49000549316406,136.4600067138672,136.97999572753906,137.8300018310547,4666500.0,134.94027709960938,0.9304036883956259
2019-04-23,140.85000610351562,137.25,137.4199981689453,139.89999389648438,5790500.0,136.9668731689453,0.9443769034216707
2019-04-24,140.13999938964844,138.86000061035156,139.64999389648438,139.1999969482422,5676300.0,136.2815399169922,0.9396516641134066
2019-04-25,139.77000427246094,137.9600067138672,138.52000427246094,139.64999389648438,5218100.0,136.72210693359375,0.9426893105971127
2019-04-26,140.52000427246094,139.30999755859375,139.8800048828125,140.38999938964844,4613600.0,137.44659423828125,0.9476846224387014
2019-04-29,140.42999267578125,139.5800018310547,140.35000610351562,139.83999633789062,4275200.0,136.9081268310547,0.9439718976241754
2019-04-30,141.4499969482422,138.9600067138672,140.19000244140625,141.1999969482422,6003700.0,138.23960876464844,0.9531524067098707
2019-05-01,142.35000610351562,139.75,140.9499969482422,141.9499969482422,6656300.0,138.973876953125,0.9582151851835448
2019-05-02,142.14999389648438,140.1199951171875,141.91000366210938,141.27999877929688,8835600.0,138.31793212890625,0.9536924487740283
2019-05-03,142.08999633789062,141.0800018310547,141.2899932861328,142.00999450683594,5281600.0,139.03262329101562,0.95862019098104
2019-05-06,142.24000549316406,139.92999267578125,140.25,142.08999633789062,5818900.0,139.11094665527344,0.9591602330451976
2019-05-07,141.3800048828125,139.05999755859375,140.82000732421875,139.97000122070312,6606700.0,137.03538513183594,0.9448494788537429
2019-05-08,140.9199981689453,139.6999969482422,140.1999969482422,139.7899932861328,4667300.0,136.85916137695312,0.9436343584587654
2019-05-09,139.32000732421875,137.63999938964844,138.9499969482422,138.72999572753906,5604200.0,135.82139587402344,0.9364789813630382
2019-05-10,139.25,136.41000366210938,138.42999267578125,139.0500030517578,4771600.0,136.1346893310547,0.9386391496196684
2019-05-13,138.05999755859375,136.52999877929688,137.85000610351562,137.1999969482422,5560000.0,134.32347106933594,0.9261509215169424
2019-05-14,137.83999633789062,136.72999572753906,137.0399932861328,136.82000732421875,7179400.0,133.95144653320312,0.9235858504653086
2019-05-15,137.49000549316406,135.3300018310547,136.89999389648438,136.91000366210938,6429400.0,134.03956604003906,0.9241933591615514
2019-05-16,139.19000244140625,136.97000122070312,137.38999938964844,138.2100067138672,6857200.0,135.3123016357422,0.9329688624497515
2019-05-17,139.02999877929688,136.86000061035156,137.0,138.61000061035156,6915300.0,135.7039031982422,0.9356689697680477
2019-05-20,138.9600067138672,137.67999267578125,138.61000061035156,138.4199981689453,4771100.0,135.5178985595703,0.9343863827409848
2019-05-21,139.57000732421875,138.0800018310547,139.1199951171875,138.1199951171875,4859000.0,135.2241668701172,0.932361250751017
2019-05-22,138.9499969482422,137.49000549316406,138.35000610351562,138.75999450683594,5456800.0,135.8507537841797,0.9366814842617858
2019-05-23,139.85000610351562,137.6699981689453,138.5,139.7899932861328,6951800.0,136.85916137695312,0.9436343584587654
2019-05-24,139.5,138.55999755859375,139.5,138.85000610351562,5473300.0,136.86903381347656,0.9372890959605203
2019-05-28,140.49000549316406,137.0500030517578,139.0,137.07000732421875,11919600.0,135.1144256591797,0.9252734432898666
2019-05-29,135.88999938964844,128.52000427246094,135.88999938964844,131.3300018310547,23247400.0,129.45631408691406,0.8865262749571174
2019-05-30,132.82000732421875,131.1699981689453,131.44000244140625,132.11000061035156,7360600.0,130.22518920898438,0.8917915563295392
2019-05-31,132.0,129.61000061035156,131.52000427246094,131.14999389648438,7811000.0,129.2788848876953,0.88531115456214
2019-06-03,132.39999389648438,131.0399932861328,131.5,131.44000244140625,8434600.0,129.5647430419922,0.8872688199200227
2019-06-04,134.3000030517578,132.5800018310547,132.60000610351562,133.72999572753906,6648900.0,131.8220672607422,0.9027271248718778
2019-06-05,135.1300048828125,133.86000061035156,134.6999969482422,134.3800048828125,6860600.0,132.46279907226562,0.9071149280172237
2019-06-06,137.66000366210938,134.58999633789062,134.89999389648438,136.67999267578125,9115800.0,134.72998046875,0.922640699601164
2019-06-07,139.58999633789062,137.13999938964844,137.58999633789062,138.5500030517578,6533900.0,136.5733184814453,0.9352639639705524
2019-06-10,139.14999389648438,137.60000610351562,138.60000610351562,139.02000427246094,4994700.0,137.03662109375,0.9384366467209209
2019-06-11,140.66000366210938,139.5,139.67999267578125,139.77999877929688,8230500.0,137.78575134277344,0.9435668918266802
2019-06-12,142.91000366210938,140.3000030517578,140.3000030517578,141.67999267578125,9216500.0,139.6586456298828,0.9563925560923244
2019-06-13,141.9499969482422,140.2100067138672,141.72000122070312,140.7100067138672,7500800.0,138.70249938964844,0.9498447906953317
2019-06-14,141.49000549316406,140.0399932861328,141.22999572753906,140.08999633789062,6548100.0,138.09133911132812,0.9456594904487334
2019-06-17,140.24000549316406,139.2100067138672,140.0,139.44000244140625,5562800.0,137.45062255859375,0.9412717903058793
2019-06-18,140.92999267578125,139.7899932861328,140.55999755859375,140.22999572753906,7122700.0,138.22933959960938,0.9466045383103863
2019-06-19,140.97000122070312,139.91000366210938,140.00999450683594,140.4499969482422,6393400.0,138.4462127685547,0.9480896282361967
2019-06-20,142.39999389648438,141.0,141.25,142.2100067138672,7335800.0,140.1811065673828,0.9599703476426799
2019-06-21,142.42999267578125,141.00999450683594,141.4600067138672,142.08999633789062,11272200.0,140.0627899169922,0.9591602330451976
2019-06-24,143.6999969482422,142.08999633789062,142.4199981689453,143.05999755859375,5894700.0,141.01895141601562,0.965708101444682
2019-06-25,144.97999572753906,143.19000244140625,143.27000427246094,144.24000549316406,7517000.0,142.18212890625,0.9736735931378916
2019-06-26,143.85000610351562,140.75999450683594,143.85000610351562,141.85000610351562,7674100.0,139.82623291015625,0.9575402098552166
2019-06-27,142.5,140.60000610351562,142.22999572753906,140.69000244140625,5233500.0,138.6827850341797,0.9497097544286693
2019-06-28,141.10000610351562,138.50999450683594,140.74000549316406,139.27999877929688,12792400.0,137.2928924560547,0.9401917061775641
2019-07-01,140.25999450683594,138.72000122070312,140.1999969482422,139.36000061035156,5872300.0,137.3717498779297,0.9407317482417217
2019-07-02,140.02999877929688,138.69000244140625,139.22000122070312,140.02999877929688,4501200.0,138.0321807861328,0.9452544846512382
2019-07-03,142.17999267578125,140.7899932861328,141.0,142.13999938964844,3436300.0,140.11209106445312,0.9594977722106075
2019-07-05,141.86000061035156,140.3699951171875,141.74000549316406,140.57000732421875,4652400.0,138.5644989013672,0.9488997428336788
2019-07-08,141.0800018310547,139.63999938964844,140.1199951171875,140.97000122070312,4078100.0,138.9587860107422,0.951599850151975
2019-07-09,142.47000122070312,140.91000366210938,141.4600067138672,141.41000366210938,4217400.0,139.39251708984375,0.9545700300035959
2019-07-10,141.99000549316406,140.6699981689453,141.77999877929688,141.2100067138672,4874400.0,139.1953582763672,0.9532199763444478
2019-07-11,141.2100067138672,139.02000427246094,140.94000244140625,140.11000061035156,5817400.0,138.11105346679688,0.9457945267153958
2019-07-12,140.1199951171875,132.32000732421875,140.1199951171875,134.3000030517578,17780100.0,132.38394165039062,0.9065748859530661
2019-07-15,136.36000061035156,134.4499969482422,135.38999938964844,134.7100067138672,10038200.0,132.78810119628906,0.9093425629059393
2019-07-16,133.8300018310547,131.75,132.92999267578125,132.5,10214500.0,130.60963439941406,0.89442419701575
2019-07-17,133.5800018310547,131.41000366210938,132.49000549316406,131.86000061035156,8862100.0,129.978759765625,0.8901039635049811
2019-07-18,132.50999450683594,131.1699981689453,132.1300048828125,132.07000732421875,6203700.0,130.18576049804688,0.8915215867987063
2019-07-19,132.38999938964844,130.19000244140625,132.25,130.30999755859375,8340200.0,128.45086669921875,0.8796408673922231
2019-07-22,130.14999389648438,127.83999633789062,130.0,128.63999938964844,12624800.0,126.80469512939453,0.8683677596844745
2019-07-23,129.4499969482422,128.16000366210938,128.61000061035156,128.83999633789062,5803600.0,127.00183868408203,0.8697178133436226
2019-07-24,129.7899932861328,128.57000732421875,128.8800048828125,129.77999877929688,6838600.0,127.92842102050781,0.8760631788443595
2019-07-25,131.52999877929688,129.6699981689453,130.05999755859375,131.1199951171875,8897800.0,129.24929809570312,0.8851086516633924
2019-07-26,131.3000030517578,130.49000549316406,131.3000030517578,130.72999572753906,4894600.0,128.8648681640625,0.8824760109771815
2019-07-29,133.30999755859375,130.2100067138672,131.0,133.02000427246094,7832000.0,131.12220764160156,0.8979344189315284
2019-07-30,132.49000549316406,131.27000427246094,132.47000122070312,132.0800018310547,5509600.0,130.19561767578125,0.8915890534307915
2019-07-31,132.0,130.17999267578125,131.63999938964844,130.22000122070312,8559200.0,128.36215209960938,0.8790333586959802
2019-08-01,130.74000549316406,129.02000427246094,130.25999450683594,130.2899932861328,7870700.0,128.43115234375,0.8795058311255608
2019-08-02,131.47000122070312,129.77000427246094,130.86000061035156,131.07000732421875,6574900.0,129.20004272460938,0.8847712155004742
2019-08-05,131.4600067138672,129.00999450683594,130.91000366210938,130.16000366210938,9480000.0,128.30300903320312,0.878628352898485
2019-08-06,131.22000122070312,129.58999633789062,130.33999633789062,130.77000427246094,7880600.0,128.90431213378906,0.8827460835105062
2019-08-07,130.91000366210938,128.19000244140625,129.36000061035156,130.2100067138672,6771700.0,128.35231018066406,0.878965892063895
2019-08-08,131.9499969482422,130.22999572753906,130.97999572753906,131.67999267578125,5260500.0,129.8013153076172,0.8888888431100037
2019-08-09,132.75999450683594,131.22999572753906,131.8000030517578,132.0399932861328,4677300.0,130.15618896484375,0.8913189808974669
2019-08-12,132.6999969482422,131.2899932861328,131.5,131.92999267578125,5567600.0,130.04774475097656,0.8905764359345617
2019-08-13,134.10000610351562,132.0,132.3000030517578,133.4199981689453,5013200.0,131.51649475097656,0.9006345262498245
2019-08-14,132.5399932861328,130.1300048828125,132.52999877929688,130.25999450683594,7736200.0,128.4015655517578,0.8793033282268131
2019-08-15,131.07000732421875,129.25,130.1699981689453,130.5399932861328,7180400.0,128.67758178710938,0.8811934239501188
2019-08-16,131.6699981689453,129.25,131.47000122070312,131.36000061035156,5605000.0,129.4858856201172,0.8867287778558651
2019-08-19,132.57000732421875,131.82000732421875,132.5,132.25,4958000.0,130.36318969726562,0.8927366041911919
2019-08-20,132.66000366210938,130.4600067138672,131.9600067138672,130.60000610351562,7302000.0,128.7367401123047,0.8815985327501058
2019-08-21,132.41000366210938,130.85000610351562,131.6999969482422,131.52999877929688,6912800.0,129.65345764160156,0.8878763286162655
2019-08-22,132.1300048828125,130.8000030517578,131.60000610351562,131.27000427246094,7213500.0,129.3971710205078,0.8861212691596222
2019-08-23,131.25999450683594,127.12999725341797,131.07000732421875,127.7300033569336,15714000.0,125.90767669677734,0.8622249485837312
2019-08-26,128.0800018310547,126.62999725341797,127.41999816894531,127.80000305175781,8889500.0,126.92066192626953,0.8626974725145576
2019-08-27,132.39999389648438,129.10000610351562,129.8800048828125,129.63999938964844,20183800.0,128.7480010986328,0.8751181309827066
2019-08-28,128.8699951171875,127.01000213623047,127.86000061035156,128.67999267578125,9878800.0,127.79460144042969,0.8686377292153075
2019-08-29,129.1999969482422,126.83000183105469,128.83999633789062,128.24000549316406,6749900.0,127.3576431274414,0.8656676523661784
2019-08-30,129.10000610351562,127.62000274658203,128.27000427246094,128.36000061035156,7371100.0,127.476806640625,0.8664776639611689
2019-09-03,128.97999572753906,127.51000213623047,127.98999786376953,128.74000549316406,5710200.0,127.85420227050781,0.8690428380152945
2019-09-04,129.58999633789062,128.0800018310547,129.49000549316406,128.86000061035156,4807200.0,127.9733657836914,0.869852849610285
2019-09-05,129.89999389648438,128.30999755859375,129.89999389648438,128.5800018310547,4754100.0,127.69529724121094,0.8679627538869793
2019-09-06,129.22999572753906,128.07000732421875,128.8800048828125,128.2100067138672,6758300.0,127.32785034179688,0.8654651494674308
2019-09-09,128.16000366210938,126.58999633789062,128.0,126.94999694824219,7684700.0,126.07650756835938,0.8569596157100636
2019-09-10,129.5500030517578,126.33999633789062,127.33999633789062,129.5500030517578,8239500.0,128.65863037109375,0.8745106222864637
2019-09-11,131.27999877929688,129.0800018310547,129.86000061035156,131.1699981689453,6203600.0,130.26747131347656,0.8854461908288024
2019-09-12,131.77000427246094,130.05999755859375,131.36000061035156,130.42999267578125,5250000.0,129.53256225585938,0.8804508789872135
2019-09-13,131.57000732421875,129.9600067138672,131.3300018310547,130.77999877929688,5369800.0,129.88015747070312,0.8828135501425916
2019-09-16,130.75,129.3300018310547,130.11000061035156,129.5399932861328,5101700.0,128.648681640625,0.8744430526518867
2019-09-17,130.5,129.11000061035156,129.60000610351562,129.6699981689453,4976400.0,128.7777862548828,0.8753206338814542
2019-09-18,130.55999755859375,128.77999877929688,129.89999389648438,130.41000366210938,4373600.0,129.51271057128906,0.880315945723043
2019-09-19,131.19000244140625,129.36000061035156,129.6300048828125,130.11000061035156,4730100.0,129.2147674560547,0.878290813733075
2019-09-20,132.0,130.2899932861328,131.0,131.64999389648438,12053100.0,130.74417114257812,0.888686340211256
2019-09-23,132.0500030517578,130.49000549316406,131.02000427246094,131.74000549316406,5183700.0,130.83355712890625,0.8892939519099906
2019-09-24,132.77999877929688,131.33999633789062,132.10000610351562,131.5500030517578,7102600.0,130.64486694335938,0.8880113648829279
2019-09-25,131.57000732421875,130.22999572753906,131.5,130.99000549316406,4522900.0,130.08871459960938,0.8842311734363166
2019-09-26,131.30999755859375,128.02999877929688,131.08999633789062,128.85000610351562,7545800.0,127.96343994140625,0.8697853829781996
2019-09-27,129.39999389648438,126.69999694824219,128.61000061035156,128.60000610351562,6006500.0,127.71516418457031,0.8680977901536416
2019-09-30,130.27999877929688,129.0,129.07000732421875,129.3800048828125,6552100.0,128.4897918701172,0.8733630715260633
2019-10-01,130.8000030517578,129.77000427246094,130.02000427246094,129.99000549316406,7673000.0,129.09559631347656,0.8774808021380845
2019-10-02,134.6999969482422,131.22000122070312,132.75999450683594,132.0,12051800.0,131.09176635742188,0.891049011366634
2019-10-03,132.3699951171875,130.00999450683594,131.63999938964844,131.19000244140625,6997600.0,130.28733825683594,0.8855812270954647
2019-10-04,133.72000122070312,131.25,131.33999633789062,133.66000366210938,7233300.0,132.74034118652344,0.9022546524422972
2019-10-07,133.82000732421875,132.13999938964844,133.08999633789062,133.16000366210938,5427200.0,132.24378967285156,0.8988794667931812
2019-10-08,133.25999450683594,131.49000549316406,132.4499969482422,131.83999633789062,7870400.0,130.932861328125,0.8899689272383188
2019-10-09,131.25,128.52000427246094,131.13999938964844,129.22000122070312,7787700.0,128.3308868408203,0.8722829873977481
2019-10-10,130.1199951171875,128.6300048828125,128.9499969482422,129.05999755859375,5119700.0,128.1719970703125,0.871202903269433
2019-10-11,132.6199951171875,130.82000732421875,131.13999938964844,131.3300018310547,7161400.0,130.42637634277344,0.8865262749571174
2019-10-14,131.36000061035156,130.4199981689453,131.36000061035156,130.72000122070312,5700000.0,129.82057189941406,0.8824085443450963
2019-10-15,134.25,132.10000610351562,133.0,132.83999633789062,10008800.0,131.9259796142578,0.8967192985365509
2019-10-16,136.58999633789062,133.8000030517578,134.89999389648438,135.1699981689453,12434200.0,134.2399444580078,0.9124476760217306
2019-10-17,137.49000549316406,135.64999389648438,135.9600067138672,136.1699981689453,8434000.0,135.23306274414062,0.9191980473199627
2019-10-18,134.38999938964844,127.69999694824219,133.30999755859375,127.69999694824219,25868700.0,126.82135009765625,0.8620223941837377
2019-10-21,129.6699981689453,127.05999755859375,128.6699981689453,128.02000427246094,13823600.0,127.13915252685547,0.864182562440368
2019-10-22,130.5399932861328,128.08999633789062,128.75999450683594,129.1999969482422,7613700.0,128.31101989746094,0.8721479511310858
2019-10-23,130.47999572753906,129.07000732421875,129.66000366210938,129.89999389648438,6693400.0,129.00621032714844,0.87687319043935
2019-10-24,130.5800018310547,126.0999984741211,130.4199981689453,127.5,12111600.0,126.62272644042969,0.8606723405245896
2019-10-25,129.10000610351562,127.30999755859375,127.83000183105469,128.35000610351562,6947300.0,127.46688079833984,0.8664101973290836
2019-10-28,130.0,128.50999450683594,128.6199951171875,129.17999267578125,7875900.0,128.29115295410156,0.8720129148644234
2019-10-29,129.97000122070312,128.55999755859375,129.6999969482422,129.1199951171875,4506300.0,128.2315673828125,0.8716079090669282
2019-10-30,133.52999877929688,131.72999572753906,133.3000030517578,132.83999633789062,9627600.0,131.9259796142578,0.8967192985365509
2019-10-31,132.83999633789062,130.88999938964844,132.3800048828125,132.0399932861328,7686600.0,131.13148498535156,0.8913189808974669
2019-11-01,133.0,131.13999938964844,132.0500030517578,131.1999969482422,5541800.0,130.29727172851562,0.88564869372755
2019-11-04,131.9499969482422,130.08999633789062,131.8000030517578,130.22999572753906,6140300.0,129.3339385986328,0.8791008253280655
2019-11-05,131.47000122070312,129.67999267578125,130.52999877929688,130.4199981689453,6257300.0,129.5226287841797,0.8803834123551283
2019-11-06,131.47999572753906,129.6999969482422,130.4199981689453,130.9600067138672,5450000.0,130.05892944335938,0.884028670537569
2019-11-07,132.3800048828125,131.00999450683594,131.72999572753906,131.42999267578125,5873700.0,130.5256805419922,0.8872012502854456
2019-11-08,133.0399932861328,130.97000122070312,131.3000030517578,133.0,5003000.0,132.0848846435547,0.897799382664866
2019-11-11,132.52000427246094,131.3300018310547,132.27000427246094,131.97999572753906,4371400.0,131.0718994140625,0.8909139750999716
2019-11-12,132.08999633789062,131.02000427246094,132.0,131.35000610351562,5228700.0,130.4462432861328,0.8866613112237798
2019-11-13,131.49000549316406,130.72000122070312,131.0399932861328,131.27000427246094,5885400.0,130.36679077148438,0.8861212691596222
2019-11-14,131.36000061035156,130.13999938964844,131.02999877929688,130.9600067138672,4217500.0,130.05892944335938,0.884028670537569
2019-11-15,134.97000122070312,130.77999877929688,131.25,134.94000244140625,10495100.0,134.01153564453125,0.910895119463835
2019-11-18,135.69000244140625,132.66000366210938,134.22000122070312,134.8300018310547,9291800.0,133.9022979736328,0.9101525745009298
2019-11-19,135.19000244140625,134.2100067138672,135.0,134.82000732421875,5192200.0,133.89236450195312,0.9100851078688444
2019-11-20,136.33999633789062,134.07000732421875,135.11000061035156,135.94000244140625,7594400.0,135.00465393066406,0.917645490762067
2019-11-21,136.85000610351562,135.0,135.94000244140625,136.44000244140625,6424900.0,135.501220703125,0.921020676411183
2019-11-22,138.6300048828125,136.5,136.64999389648438,138.07000732421875,9235800.0,137.12001037597656,0.9320238145880987
2019-11-25,137.64999389648438,136.24000549316406,137.05999755859375,137.17999267578125,6111900.0,137.17999267578125,0.9260158852502801
2019-11-26,137.33999633789062,135.14999389648438,136.47000122070312,137.1699981689453,10636500.0,137.1699981689453,0.9259484186181948
2019-11-27,138.25,136.89999389648438,137.16000366210938,137.75,5523000.0,137.75,0.9298636463314685
2019-11-29,138.27000427246094,136.94000244140625,137.60000610351562,137.49000549316406,3278900.0,137.49000549316406,0.9281085868748251
2019-12-02,137.85000610351562,136.85000610351562,137.72000122070312,137.36000061035156,4717100.0,137.36000061035156,0.9272310056452575
2019-12-03,137.4499969482422,136.16000366210938,136.91000366210938,137.16000366210938,5741400.0,137.16000366210938,0.9258809519861095
2019-12-04,139.74000549316406,138.0399932861328,138.5,139.3800048828125,7257300.0,139.3800048828125,0.940866784508384
2019-12-05,139.75,137.9499969482422,139.35000610351562,139.55999755859375,5472900.0,139.55999755859375,0.9420818019008698
2019-12-06,141.5800018310547,139.4600067138672,139.4600067138672,140.3800048828125,6640400.0,140.3800048828125,0.9476171558066161
2019-12-09,140.80999755859375,140.05999755859375,140.38999938964844,140.5,4241000.0,140.5,0.9484271674016066
2019-12-10,141.0,139.91000366210938,140.8000030517578,139.99000549316406,5310300.0,139.99000549316406,0.9449845151204053
2019-12-11,141.97999572753906,140.6300048828125,140.92999267578125,140.97999572753906,6631500.0,140.97999572753906,0.9516673167840604
2019-12-12,142.05999755859375,140.72999572753906,141.32000732421875,141.33999633789062,5012400.0,141.33999633789062,0.9540974545715235
2019-12-13,141.8000030517578,140.30999755859375,141.10000610351562,141.3800048828125,4257200.0,141.3800048828125,0.9543675271048482
2019-12-16,142.85000610351562,141.49000549316406,141.72999572753906,141.7899932861328,5353100.0,141.7899932861328,0.9571351010552296
2019-12-17,144.0500030517578,142.52000427246094,143.0,143.55999755859375,10722400.0,143.55999755859375,0.9690832870937981
2019-12-18,143.8800048828125,142.74000549316406,143.72000122070312,143.19000244140625,7849200.0,143.19000244140625,0.9665856826742496
2019-12-19,145.8800048828125,143.61000061035156,143.88999938964844,145.35000610351562,9414700.0,145.35000610351562,0.9811665093990288
2019-12-20,147.83999633789062,144.8000030517578,146.8800048828125,146.05999755859375,14532800.0,146.05999755859375,0.9859592153393782
2019-12-23,146.75999450683594,145.33999633789062,145.74000549316406,146.44000244140625,6558700.0,146.44000244140625,0.9885243893935038
2019-12-24,146.00999450683594,145.25999450683594,146.0,145.92999267578125,4238900.0,145.92999267578125,0.9850816341098108
2019-12-26,146.17999267578125,145.16000366210938,145.97000122070312,145.8300018310547,3019300.0,145.8300018310547,0.9844066587814826
2019-12-27,146.5500030517578,145.5399932861328,146.1999969482422,145.75,3432700.0,145.75,0.983866616717325
2019-12-30,146.1999969482422,145.02999877929688,145.77999877929688,145.3000030517578,2923300.0,145.3000030517578,0.9808289702336189
2019-12-31,146.00999450683594,144.77999877929688,145.10000610351562,145.8699951171875,4435000.0,145.8699951171875,0.9846766283123155
2020-01-02,146.02000427246094,145.0800018310547,145.8699951171875,145.97000122070312,5777000.0,145.97000122070312,0.9853517066431354
2020-01-03,145.3699951171875,143.0,143.5,144.27999877929688,5752400.0,144.27999877929688,0.9739435626687245
2020-01-06,144.1999969482422,142.85000610351562,144.0,144.10000610351562,7731300.0,144.10000610351562,0.9727285452762388
2020-01-07,145.4499969482422,141.3800048828125,144.00999450683594,144.97999572753906,7382900.0,144.97999572753906,0.9786688019769886
2020-01-08,145.97999572753906,143.6999969482422,144.8699951171875,144.9600067138672,6605800.0,144.9600067138672,0.978533868712818
2020-01-09,146.02999877929688,144.99000549316406,145.75999450683594,145.38999938964844,6112700.0,145.38999938964844,0.9814364789298617
2020-01-10,146.17999267578125,144.89999389648438,145.75,145.05999755859375,5042600.0,145.05999755859375,0.9792088440411462
2020-01-13,145.7899932861328,144.72000122070312,145.47999572753906,145.6999969482422,4593200.0,145.6999969482422,0.9835290775519151
2020-01-14,146.61000061035156,144.72999572753906,145.0500030517578,146.52000427246094,7037500.0,146.52000427246094,0.9890644314576614
2020-01-15,147.39999389648438,146.24000549316406,146.39999389648438,147.00999450683594,4960300.0,147.00999450683594,0.9923720474722004
